Store #,# of McDonalds <1 mi,# of Subway <1 mi,# of Wendys <1 mi,# of Burger King <1 mi,# of Taco Bell <1 mi,# of McDonalds <0.5 mi,# of Subway <0.5 mi,# of Wendys <0.5 mi,# of Burger King <0.5 mi,# of Taco Bell <0.5 mi
5938,0,0,0,0,0,0,0,0,0,0
6394,0,0,1,1,0,0,0,1,1,0
7724,1,2,0,0,0,1,2,0,0,0
6204,1,1,1,1,1,0,1,0,1,0
6830,1,2,1,1,1,1,1,1,1,1
5992,1,1,1,1,0,1,1,1,1,0
1847,1,1,1,1,0,1,1,1,1,0
6153,1,3,1,1,0,0,2,0,1,0
7134,1,2,0,0,0,1,2,0,0,0
6385,1,1,1,0,0,1,1,1,0,0
7840,0,0,1,0,0,0,0,1,0,0
1404,1,2,0,2,1,1,2,0,2,0
5651,1,0,1,1,1,1,0,1,0,0
1681,0,1,1,1,1,0,1,1,1,1
7205,1,1,1,1,1,1,1,1,0,0
1913,1,2,1,1,1,0,2,0,1,1
517,2,4,1,1,1,1,1,0,0,0
1043,1,1,1,1,0,1,1,1,1,0
7068,1,1,1,0,1,0,1,1,0,1
970,1,2,1,0,0,1,2,1,0,0
903,1,1,0,0,1,1,1,0,0,1
5669,2,2,1,1,1,2,1,1,1,1
7580,1,2,1,1,1,0,0,0,1,1
7007,1,0,0,1,0,1,0,0,0,0
866,1,2,0,0,0,1,2,0,0,0
7034,2,1,1,0,0,0,1,1,0,0
6782,1,1,1,1,1,1,0,1,1,1
5714,1,1,0,0,1,1,1,0,0,1
1990,1,2,1,0,1,1,0,1,0,1
1853,1,2,0,1,0,0,0,0,0,0
1854,0,1,1,0,1,0,1,1,0,1
992,2,1,1,1,1,1,0,1,1,1
1686,0,3,0,1,1,0,1,0,1,1
1597,1,3,1,0,0,1,2,1,0,0
7340,1,1,0,1,0,1,1,0,0,0
132,0,1,0,0,1,0,0,0,0,1
6710,0,1,1,0,1,0,1,1,0,1
5422,1,2,1,1,1,1,1,1,1,1
7082,1,1,1,1,0,1,0,1,1,0
7370,0,1,1,0,0,0,1,1,0,0
7860,0,1,1,1,1,0,0,0,0,1
164,1,3,0,1,1,1,1,0,1,1
106,1,0,1,1,0,1,0,1,1,0
5817,1,1,1,1,1,1,1,1,1,1
7185,1,0,0,1,0,1,0,0,0,0
7775,1,1,1,0,0,1,1,1,0,0
5695,0,1,0,1,1,0,1,0,1,1
5866,1,1,1,1,0,1,0,1,1,0
155,0,0,1,0,0,0,0,0,0,0
6616,0,1,1,0,0,0,1,1,0,0
6118,1,2,1,0,0,1,2,0,0,0
1003,2,1,1,1,1,1,1,1,1,1
1339,1,7,0,0,1,1,2,0,0,0
5052,1,1,0,0,0,1,0,0,0,0
807,1,2,0,1,1,1,0,0,0,1
6421,0,1,0,1,0,0,1,0,1,0
6425,1,1,1,0,0,1,1,0,0,0
942,1,2,1,0,1,1,0,1,0,1
759,1,2,1,1,1,1,1,1,0,0
5506,1,1,1,0,0,1,1,1,0,0
7509,1,0,0,0,0,1,0,0,0,0
5417,1,2,0,0,0,1,2,0,0,0
7837,0,1,1,2,1,0,0,1,2,0
6714,1,2,1,1,0,0,0,0,1,0
8031,1,1,0,0,0,1,0,0,0,0
5280,1,1,0,1,0,1,1,0,1,0
7559,1,1,1,1,0,0,0,0,0,0
5072,1,2,0,0,0,1,0,0,0,0
5912,1,1,1,0,1,1,0,0,0,0
112,1,0,1,1,1,1,0,1,1,1
784,1,2,0,1,2,0,1,0,0,0
7251,1,1,1,1,1,1,1,1,1,1
5026,1,2,1,1,0,1,1,1,1,0
822,0,1,1,1,0,0,1,1,1,0
6969,2,1,0,1,0,1,0,0,0,0
603,1,3,0,0,0,0,0,0,0,0
360,1,1,0,1,1,1,0,0,1,1
1222,1,2,1,1,0,1,1,0,0,0
6836,1,2,1,0,0,1,0,0,0,0
5421,1,2,1,1,1,1,1,1,1,1
345,1,1,0,1,1,1,1,0,1,1
5053,1,1,1,1,0,1,0,0,0,0
1415,1,2,1,0,0,1,0,1,0,0
5131,1,1,1,0,1,1,1,1,0,1
7204,1,1,0,0,1,1,1,0,0,1
7800,0,1,0,0,1,0,1,0,0,1
730,1,2,1,1,0,0,0,1,0,0
6202,1,1,0,0,0,0,1,0,0,0
793,1,1,0,1,1,1,1,0,1,1
6241,1,1,0,0,0,1,1,0,0,0
103,1,1,1,0,0,0,0,1,0,0
6158,1,3,1,1,0,0,1,0,1,0
1563,1,0,0,1,0,1,0,0,1,0
1054,1,1,1,0,0,0,1,1,0,0
7938,1,0,0,1,0,1,0,0,1,0
73,1,1,1,1,1,1,1,1,1,1
255,1,1,0,0,1,1,1,0,0,1
6775,1,2,1,1,1,0,1,0,1,0
836,0,1,1,0,1,0,1,1,0,1
174,3,3,1,1,1,1,1,1,1,1
1239,0,1,0,0,0,0,1,0,0,0
1203,1,1,1,0,1,1,1,1,0,1
7140,0,1,1,0,0,0,1,0,0,0
5566,1,3,2,0,1,0,0,0,0,0
7931,1,2,0,0,1,1,1,0,0,1
7020,1,2,1,0,0,1,0,1,0,0
8042,1,1,1,0,0,0,0,1,0,0
1115,1,2,1,1,1,0,1,1,1,1
97,1,1,1,0,1,1,1,1,0,1
7336,1,1,1,0,0,1,1,1,0,0
1501,1,2,1,1,0,1,1,1,1,0
1557,1,1,1,0,1,1,1,1,0,1
5115,2,2,1,1,1,2,2,0,1,1
223,0,1,1,0,1,0,1,1,0,1
7759,1,0,0,0,0,1,0,0,0,0
1014,1,2,1,1,0,1,1,0,1,0
5439,0,1,0,1,0,0,1,0,1,0
7215,1,1,0,1,1,0,0,0,0,0
7368,2,1,1,1,1,2,1,0,1,1
714,1,2,0,0,0,1,1,0,0,0
6329,1,1,0,0,0,0,1,0,0,0
7980,1,1,2,1,0,0,1,1,1,0
7080,1,2,0,1,0,1,1,0,1,0
686,0,1,1,0,0,0,0,0,0,0
1208,1,1,0,2,0,1,0,0,0,0
7947,1,2,1,1,0,1,1,1,1,0
7501,0,1,1,0,0,0,1,0,0,0
1742,1,2,1,0,1,1,2,1,0,1
22,1,2,1,0,0,1,1,1,0,0
7246,1,3,0,1,0,0,3,0,0,0
6289,2,1,1,1,0,1,1,0,1,0
1389,1,2,1,0,0,1,1,1,0,0
1629,1,2,1,1,0,1,2,1,1,0
7807,1,1,1,1,0,1,0,1,1,0
37,2,3,1,0,0,1,3,1,0,0
7478,1,0,1,1,1,1,0,1,1,1
5428,1,1,1,0,0,1,1,0,0,0
745,0,2,1,1,1,0,1,1,1,0
5144,1,1,1,1,0,1,1,1,1,0
629,1,1,1,0,1,1,1,1,0,1
5861,1,1,0,0,0,1,1,0,0,0
6883,0,1,0,1,0,0,1,0,1,0
615,1,1,1,1,1,1,1,1,1,1
1800,1,0,0,1,0,1,0,0,0,0
6941,2,1,1,0,1,2,1,1,0,1
7371,0,0,1,0,0,0,0,1,0,0
7700,0,0,0,1,0,0,0,0,1,0
5797,0,2,1,1,0,0,1,0,0,0
7809,1,2,1,1,0,1,2,1,1,0
7902,0,1,1,1,0,0,1,1,0,0
60,1,3,1,1,0,1,1,1,1,0
1400,1,1,1,0,0,1,1,1,0,0
1846,1,1,1,1,0,1,1,0,0,0
301,1,2,1,0,1,1,1,1,0,1
7174,1,1,1,1,1,1,0,0,0,1
1414,1,2,1,0,1,1,0,1,0,1
6627,0,0,0,0,0,0,0,0,0,0
5598,0,1,1,0,0,0,0,1,0,0
881,1,2,1,1,1,1,0,1,1,0
6942,1,1,1,0,1,1,0,1,0,1
6400,1,1,1,1,1,1,0,1,0,1
652,0,1,1,1,0,0,1,1,1,0
6958,2,2,1,1,1,1,0,0,0,1
777,1,2,0,1,1,1,2,0,0,1
5902,1,2,0,0,0,1,1,0,0,0
6913,1,1,1,1,1,0,1,0,1,0
1229,1,1,1,1,1,1,1,1,1,1
7125,1,2,1,1,0,1,1,0,0,0
5562,1,2,1,1,0,1,1,1,1,0
173,1,1,0,2,0,1,0,0,0,0
7157,1,1,1,0,0,1,1,1,0,0
7539,1,1,1,1,0,0,1,1,1,0
1517,2,1,1,1,0,2,1,0,1,0
6905,1,1,1,1,1,1,1,0,1,1
403,1,2,1,1,1,0,2,0,0,1
7510,1,2,1,1,1,1,0,0,0,1
7806,1,2,1,0,1,1,2,0,0,1
1413,0,1,0,0,0,0,0,0,0,0
102,1,1,1,1,1,1,1,1,1,0
7446,1,2,1,1,1,1,0,1,1,1
41,0,2,0,1,0,0,1,0,1,0
1857,1,2,1,0,1,1,0,1,0,1
7061,1,1,1,0,0,1,1,1,0,0
149,0,0,0,1,0,0,0,0,1,0
6686,1,2,1,0,0,0,1,1,0,0
7145,1,0,0,0,0,1,0,0,0,0
5255,0,2,0,0,0,0,2,0,0,0
1048,1,0,0,0,1,1,0,0,0,1
1423,2,3,0,1,0,1,1,0,0,0
6290,1,1,0,0,1,1,1,0,0,1
7978,1,1,1,1,0,1,1,0,1,0
5984,1,2,1,1,1,1,1,1,1,0
7054,1,2,1,1,0,1,2,1,1,0
5390,1,1,0,1,1,0,1,0,0,1
228,1,1,1,0,0,1,1,1,0,0
1149,1,2,1,1,1,0,1,1,1,0
7177,2,1,1,2,1,1,0,1,0,1
10,1,1,1,0,1,0,1,0,0,0
6122,1,1,0,0,1,1,1,0,0,1
5561,1,1,0,1,0,0,1,0,1,0
8250,1,1,0,1,0,0,0,0,0,0
7758,0,1,0,0,0,0,0,0,0,0
6758,1,1,0,1,1,1,0,0,1,1
8230,0,0,0,0,0,0,0,0,0,0
7042,1,1,1,0,0,1,1,1,0,0
1963,0,1,1,1,0,0,0,1,1,0
6909,1,0,1,1,0,1,0,0,0,0
6963,1,0,0,0,0,1,0,0,0,0
7221,1,1,1,0,0,1,0,0,0,0
1916,1,1,1,1,1,1,1,1,1,0
6778,1,3,1,0,0,0,1,0,0,0
498,1,2,0,1,0,1,1,0,0,0
143,1,2,1,1,1,1,2,1,1,1
6745,1,2,0,1,0,1,1,0,0,0
7269,0,2,0,2,0,0,2,0,2,0
7936,1,1,0,0,0,1,1,0,0,0
7455,1,1,2,0,0,0,1,1,0,0
8239,0,1,1,0,0,0,1,1,0,0
7112,0,1,0,0,0,0,1,0,0,0
7259,1,0,0,0,0,1,0,0,0,0
708,0,1,0,1,1,0,0,0,0,1
864,1,3,1,1,0,1,1,1,1,0
7198,1,1,1,1,1,0,0,0,0,0
1150,1,1,1,0,0,1,0,0,0,0
7063,0,0,0,1,0,0,0,0,1,0
7982,0,1,1,1,0,0,1,0,0,0
7810,1,2,1,0,1,0,1,1,0,0
6584,1,2,0,1,1,0,1,0,1,1
7122,1,1,0,0,0,0,0,0,0,0
6230,1,1,1,0,0,1,0,0,0,0
5684,1,1,1,0,0,1,0,1,0,0
5679,1,2,1,1,0,0,0,1,0,0
1030,1,2,1,1,2,0,1,1,1,1
7241,1,2,1,0,0,0,1,1,0,0
7270,1,1,0,0,0,1,1,0,0,0
7142,1,1,0,1,0,1,1,0,1,0
5028,1,1,1,1,1,1,1,1,1,1
1187,0,1,0,0,0,0,1,0,0,0
1333,1,1,0,0,0,0,1,0,0,0
1458,1,1,0,1,0,1,1,0,1,0
926,0,2,0,0,0,0,1,0,0,0
6930,1,1,0,1,0,1,1,0,1,0
233,1,1,0,0,0,1,0,0,0,0
6239,1,1,1,1,1,1,1,1,1,1
5818,1,1,1,0,1,1,1,1,0,1
7452,1,2,0,0,1,0,2,0,0,0
1630,1,1,1,1,1,0,1,1,0,0
7160,0,1,0,0,0,0,0,0,0,0
6492,0,2,0,0,0,0,1,0,0,0
6874,1,1,0,0,0,1,1,0,0,0
6812,1,1,1,0,1,1,1,1,0,1
6901,0,0,2,0,1,0,0,1,0,1
5556,1,3,1,1,1,1,1,1,1,0
813,0,1,0,0,0,0,0,0,0,0
6809,2,0,2,0,0,2,0,0,0,0
744,1,1,0,1,1,1,1,0,1,1
6563,1,1,0,1,1,1,0,0,1,1
5780,1,1,0,0,0,1,1,0,0,0
5020,1,3,1,0,0,0,1,1,0,0
6904,1,2,1,0,1,1,1,0,0,1
423,1,1,0,1,0,1,0,0,1,0
7272,1,1,1,1,0,1,1,1,1,0
5479,1,1,1,0,0,1,1,1,0,0
7818,1,2,0,0,0,1,2,0,0,0
5227,1,1,0,0,0,1,1,0,0,0
6628,1,2,0,0,0,0,1,0,0,0
7548,3,2,1,0,1,1,1,1,0,0
7240,1,2,0,1,0,0,1,0,1,0
280,1,1,1,0,1,0,0,0,0,0
1018,1,1,0,1,0,1,1,0,1,0
7053,1,2,1,0,1,1,2,1,0,1
5985,0,1,0,0,0,0,1,0,0,0
5463,1,1,0,0,0,1,0,0,0,0
1246,1,3,1,1,0,1,2,1,1,0
5183,1,0,0,1,1,0,0,0,0,0
1903,1,1,0,1,0,1,0,0,0,0
779,0,1,1,1,1,0,0,1,0,0
5356,1,2,1,0,0,1,1,1,0,0
7118,1,1,1,0,0,1,1,1,0,0
6234,1,2,1,0,1,1,2,0,0,1
5970,1,1,1,1,0,1,1,1,1,0
1397,2,4,1,1,0,1,1,1,1,0
7314,1,1,1,0,0,0,0,0,0,0
7859,1,1,0,1,1,1,1,0,0,1
6927,2,3,1,0,1,1,1,1,0,1
1204,1,4,1,1,2,1,1,0,1,1
7439,0,2,1,1,1,0,2,1,1,1
7546,1,1,1,0,0,1,1,0,0,0
6319,1,2,1,1,1,1,1,0,1,0
1012,1,1,0,1,1,1,1,0,1,1
7013,1,1,0,0,0,1,1,0,0,0
5534,1,2,1,0,1,1,2,1,0,1
6506,1,2,1,1,1,1,1,1,1,0
5969,0,2,1,1,0,0,2,1,0,0
1922,1,1,1,0,0,1,1,1,0,0
1933,1,1,1,0,1,1,1,1,0,1
5132,1,3,1,0,1,1,2,1,0,1
5517,1,1,0,1,0,0,1,0,1,0
7203,1,2,1,1,0,1,2,1,1,0
7308,1,0,0,0,0,1,0,0,0,0
211,1,1,0,1,0,0,1,0,0,0
15,1,1,1,0,1,1,1,0,0,1
6774,1,1,1,0,0,1,1,1,0,0
5179,1,1,0,1,0,1,1,0,0,0
6023,1,1,1,1,0,1,1,1,1,0
7813,0,1,1,1,0,0,1,1,0,0
7344,1,2,0,1,0,1,2,0,1,0
8012,1,1,0,0,1,1,1,0,0,1
1743,1,1,1,1,0,1,1,1,1,0
5259,1,1,0,0,0,1,1,0,0,0
6744,1,2,1,0,1,1,0,0,0,1
8433,1,1,1,0,0,1,1,1,0,0
121,1,1,1,0,1,1,1,1,0,1
1037,0,3,1,1,1,0,1,1,1,1
6494,0,1,0,0,0,0,1,0,0,0
7798,2,2,1,0,0,2,1,0,0,0
5518,0,1,0,0,0,0,0,0,0,0
7547,0,0,0,0,0,0,0,0,0,0
6696,1,2,0,1,0,1,1,0,1,0
7499,1,1,1,1,1,1,1,0,1,0
7074,1,2,0,0,1,1,2,0,0,1
5486,1,0,1,1,0,1,0,1,1,0
1950,1,1,1,0,0,0,1,1,0,0
7708,0,1,0,0,0,0,1,0,0,0
5514,1,9,1,0,0,0,7,0,0,0
7016,1,1,1,0,0,1,1,1,0,0
8360,1,1,1,0,0,0,1,1,0,0
6702,1,1,1,0,1,1,0,1,0,1
7474,1,1,0,0,0,1,0,0,0,0
1006,1,2,0,1,1,1,1,0,0,0
1585,1,1,1,2,0,1,0,1,1,0
5288,1,2,1,1,0,1,2,1,1,0
5700,1,2,1,1,1,1,2,1,1,1
6690,0,2,1,0,0,0,1,0,0,0
7586,1,1,0,1,0,0,0,0,0,0
6604,1,1,0,0,0,1,0,0,0,0
8365,1,1,1,0,0,1,1,1,0,0
5341,2,1,1,1,1,0,0,1,1,0
270,1,1,1,0,1,0,0,0,0,0
6845,1,2,2,1,0,1,1,1,1,0
6708,1,1,1,1,0,0,1,1,0,0
7496,1,1,0,1,0,0,1,0,1,0
7407,0,1,1,0,0,0,1,1,0,0
108,1,1,0,1,0,1,0,0,1,0
7783,0,1,1,0,0,0,0,1,0,0
5238,1,2,1,1,1,1,1,1,1,1
933,1,1,1,1,1,1,1,1,1,0
493,1,2,1,1,0,1,1,1,1,0
5882,1,1,0,0,0,1,1,0,0,0
7386,1,2,0,1,1,0,2,0,0,1
1399,0,0,0,0,1,0,0,0,0,1
7090,2,2,1,1,0,2,1,1,1,0
707,1,2,0,0,1,1,2,0,0,1
6527,1,1,1,1,0,0,0,0,0,0
7159,2,2,1,0,0,1,1,0,0,0
5358,2,2,1,1,0,0,1,1,0,0
402,0,1,0,1,0,0,1,0,1,0
758,1,0,1,0,0,1,0,1,0,0
7320,0,0,0,1,0,0,0,0,1,0
1484,1,2,0,0,0,1,2,0,0,0
42,0,1,0,0,0,0,0,0,0,0
7879,0,0,0,0,0,0,0,0,0,0
1875,1,2,1,1,1,1,1,1,1,1
1952,1,1,1,0,0,1,1,1,0,0
705,1,2,1,0,0,1,2,1,0,0
5864,1,1,1,1,1,1,1,1,1,1
50,1,1,0,1,0,1,1,0,0,0
7906,1,2,0,1,0,1,0,0,1,0
7286,1,1,0,1,0,1,1,0,1,0
1815,2,1,1,0,1,2,1,1,0,1
6943,1,1,1,0,1,1,1,1,0,1
1645,3,3,0,2,1,1,0,0,0,0
7342,1,1,1,1,0,1,1,0,0,0
217,1,2,0,1,0,1,2,0,1,0
5805,1,2,0,1,0,1,0,0,0,0
7812,1,2,1,1,0,0,2,1,1,0
6636,1,2,1,1,0,1,1,1,1,0
7164,0,1,0,0,0,0,1,0,0,0
7915,1,0,1,0,0,0,0,1,0,0
1107,1,1,1,1,0,1,1,1,0,0
6549,1,1,1,1,1,1,0,1,1,1
5269,0,1,0,1,0,0,1,0,1,0
6991,0,0,0,0,0,0,0,0,0,0
1000,2,1,0,1,0,1,1,0,0,0
740,1,3,0,1,0,1,1,0,1,0
7523,1,1,1,0,0,0,0,1,0,0
8362,0,1,0,0,0,0,1,0,0,0
5377,1,1,0,0,0,1,1,0,0,0
7945,0,1,0,0,0,0,1,0,0,0
6142,0,1,0,1,0,0,1,0,1,0
7919,0,0,0,1,0,0,0,0,1,0
7347,1,1,1,1,1,1,1,1,0,1
5607,1,2,1,1,1,1,1,1,1,1
6408,2,1,0,1,1,2,1,0,0,1
7594,1,2,1,1,1,1,1,1,1,0
5735,1,2,0,1,0,0,1,0,0,0
6495,1,1,1,1,0,1,0,1,1,0
5567,1,0,0,0,0,0,0,0,0,0
429,1,1,1,0,0,0,0,0,0,0
7312,0,0,0,0,0,0,0,0,0,0
7742,1,0,1,0,0,1,0,1,0,0
1027,1,2,1,1,1,1,1,1,1,1
1438,1,0,1,1,1,0,0,1,0,0
6210,1,1,0,0,0,1,1,0,0,0
1879,1,1,0,1,0,1,1,0,1,0
5430,1,1,0,0,1,1,1,0,0,1
6353,1,2,1,1,1,1,1,1,1,1
1639,1,1,0,1,0,1,1,0,1,0
6631,1,1,1,1,0,0,0,1,1,0
6395,1,1,0,0,1,1,1,0,0,1
161,1,0,0,1,1,1,0,0,1,1
7385,0,2,0,1,1,0,1,0,0,0
773,2,3,1,0,1,1,1,0,0,1
431,1,1,0,1,0,0,0,0,0,0
5092,1,0,0,0,0,0,0,0,0,0
7872,1,1,0,0,0,0,1,0,0,0
7508,1,2,1,0,0,0,2,0,0,0
227,2,3,1,1,0,0,1,1,1,0
1878,1,1,1,1,1,0,0,0,1,0
7049,1,1,0,0,0,1,1,0,0,0
1095,1,2,0,1,1,0,1,0,1,1
7153,0,0,0,0,0,0,0,0,0,0
6404,1,2,1,1,1,1,0,1,1,1
5237,1,1,0,0,0,0,0,0,0,0
7211,0,0,1,0,0,0,0,0,0,0
1965,1,1,1,1,0,1,1,1,1,0
234,1,2,0,1,0,1,1,0,0,0
787,1,1,1,1,1,1,1,1,1,1
6733,1,1,0,1,1,1,1,0,1,0
5036,0,0,0,0,0,0,0,0,0,0
791,1,1,1,0,0,1,0,1,0,0
1527,0,0,0,0,0,0,0,0,0,0
794,1,1,1,0,1,1,1,1,0,1
7567,1,4,1,1,0,0,1,1,1,0
7432,1,1,1,0,0,1,1,1,0,0
899,1,1,1,0,2,1,1,1,0,1
7705,1,0,0,1,1,0,0,0,1,1
5851,1,2,1,0,1,1,2,1,0,1
1258,1,1,1,0,0,1,0,0,0,0
5302,1,2,1,0,1,1,1,1,0,0
5774,0,2,0,1,0,0,2,0,0,0
6771,1,2,1,1,0,0,1,1,1,0
1747,1,1,1,0,0,1,1,0,0,0
6729,1,0,0,0,0,0,0,0,0,0
5412,2,1,0,1,1,0,0,0,0,0
6222,1,1,1,1,0,0,1,0,1,0
7302,1,1,0,1,1,0,0,0,0,1
1217,0,1,1,0,0,0,0,1,0,0
1744,1,0,0,1,1,1,0,0,0,1
7102,1,1,1,0,1,0,1,0,0,0
5688,1,2,0,0,0,1,1,0,0,0
5838,1,1,0,0,0,1,0,0,0,0
7533,1,1,1,1,0,0,1,0,0,0
5315,1,2,1,0,0,1,1,1,0,0
6801,0,1,1,0,0,0,1,1,0,0
6098,1,1,1,0,0,1,1,1,0,0
84,1,1,1,1,1,1,1,1,1,1
785,1,3,1,1,1,1,1,1,1,1
1962,1,2,0,1,0,1,2,0,1,0
96,0,2,1,1,0,0,1,1,0,0
7330,1,1,1,1,1,1,1,1,1,1
6140,1,3,1,0,1,1,1,1,0,1
856,1,2,0,1,0,1,0,0,0,0
8030,1,1,0,0,0,0,0,0,0,0
6747,1,0,1,1,0,1,0,0,0,0
786,1,1,0,1,1,1,0,0,1,1
588,1,1,0,1,1,1,1,0,0,0
6299,1,1,1,0,0,1,1,1,0,0
6855,1,1,1,1,1,1,1,1,1,1
1299,1,5,1,0,0,0,2,0,0,0
5126,1,1,1,1,0,0,1,0,1,0
7294,0,1,0,0,0,0,0,0,0,0
1717,1,1,1,1,0,1,1,1,0,0
838,1,1,1,1,1,1,0,1,1,1
7237,2,3,1,0,1,2,0,1,0,0
7091,1,1,1,1,0,1,0,1,1,0
8220,1,2,0,1,0,1,1,0,1,0
7882,1,0,1,1,1,1,0,0,0,0
7828,2,1,0,0,1,1,1,0,0,1
6537,1,1,0,0,1,1,1,0,0,1
5127,1,2,1,1,0,1,1,1,1,0
1199,1,2,1,1,1,1,2,1,1,1
7464,1,1,1,1,0,1,0,0,0,0
778,1,1,1,0,1,1,1,1,0,1
8000,1,3,0,0,0,1,2,0,0,0
7131,1,2,1,0,0,1,0,0,0,0
6709,1,1,1,1,0,1,0,0,1,0
1033,1,2,0,0,0,1,2,0,0,0
7171,2,0,0,1,0,1,0,0,1,0
1010,1,1,0,1,1,1,1,0,0,1
7202,0,0,1,0,0,0,0,1,0,0
7853,2,1,0,0,0,2,1,0,0,0
1806,1,2,1,1,0,0,2,1,1,0
7926,1,0,1,0,0,1,0,1,0,0
7805,0,1,0,0,0,0,1,0,0,0
6726,1,2,1,1,1,1,2,1,0,1
6679,1,1,0,1,0,1,1,0,1,0
7850,1,1,0,0,1,1,0,0,0,1
5537,2,2,1,1,0,2,1,1,1,0
7449,1,1,1,0,1,1,0,1,0,1
5590,2,1,1,1,1,1,1,0,1,1
6719,1,2,1,1,1,1,2,1,1,1
1937,1,1,1,1,0,1,1,1,1,0
6650,1,1,1,0,1,0,1,1,0,1
825,1,3,0,0,0,1,1,0,0,0
5743,1,2,0,0,1,0,1,0,0,1
325,1,2,1,0,1,1,1,1,0,1
5925,0,1,0,1,1,0,1,0,1,1
2,1,2,1,0,1,1,1,1,0,1
7878,1,1,0,0,1,1,1,0,0,1
5691,1,2,1,0,1,1,2,1,0,0
701,1,2,1,1,1,1,0,1,1,0
6480,2,1,1,1,1,2,1,1,1,1
6659,1,1,0,0,0,1,0,0,0,0
7842,1,2,0,1,0,1,2,0,1,0
6968,0,1,0,1,0,0,1,0,1,0
1961,2,2,1,0,1,1,1,1,0,1
6638,1,1,1,0,0,1,0,1,0,0
6988,1,1,0,0,1,0,1,0,0,0
6357,1,3,1,1,1,1,1,0,1,0
5245,1,2,1,1,1,1,2,1,1,1
1092,1,3,1,1,1,0,0,1,1,1
83,1,0,0,1,1,1,0,0,0,0
6925,0,1,0,1,0,0,0,0,1,0
1132,2,3,0,1,0,0,2,0,0,0
7442,0,2,0,1,0,0,2,0,0,0
7596,2,1,1,1,0,1,1,1,1,0
5392,1,2,1,1,1,1,1,1,1,1
5712,1,1,0,0,1,1,1,0,0,1
127,1,1,1,1,0,1,1,1,1,0
6939,1,3,1,1,0,0,1,0,0,0
5710,1,1,0,0,0,0,0,0,0,0
7392,1,1,0,0,1,0,0,0,0,0
6047,0,1,0,0,1,0,0,0,0,1
1810,1,0,1,0,0,1,0,1,0,0
1748,1,1,0,0,1,1,1,0,0,1
6863,1,2,1,1,0,1,1,1,1,0
743,1,1,0,0,1,1,1,0,0,1
6342,1,1,1,1,0,1,1,1,1,0
7030,1,2,1,1,0,0,1,0,0,0
7005,1,0,0,1,0,1,0,0,1,0
5852,1,2,1,1,1,1,0,1,1,1
7207,0,1,1,1,1,0,1,1,1,1
5001,1,2,1,1,1,1,1,1,1,1
12,2,1,1,2,2,1,1,0,1,1
5895,0,1,0,0,0,0,1,0,0,0
5941,1,1,1,1,0,1,1,1,1,0
7448,0,1,1,0,0,0,1,0,0,0
7838,0,2,0,0,1,0,0,0,0,1
8319,1,1,0,0,0,1,1,0,0,0
7830,0,1,0,0,0,0,1,0,0,0
7821,1,0,1,0,1,1,0,1,0,1
5312,1,2,1,1,1,1,2,0,1,1
7249,1,0,0,0,0,1,0,0,0,0
6242,1,1,1,0,0,1,1,1,0,0
7253,0,1,1,1,0,0,1,1,1,0
1544,1,1,1,1,0,1,0,1,1,0
7415,1,1,0,1,0,1,1,0,1,0
7388,1,3,0,1,0,1,2,0,0,0
7390,1,2,1,0,0,1,2,1,0,0
6629,0,2,1,0,0,0,1,1,0,0
6803,0,0,0,1,0,0,0,0,1,0
1697,1,0,1,0,0,1,0,0,0,0
5175,1,0,0,0,1,1,0,0,0,0
7067,2,1,1,1,1,1,0,0,0,0
6236,2,2,1,0,1,0,2,1,0,0
5527,1,2,0,1,0,0,2,0,1,0
6540,1,2,0,1,0,1,2,0,1,0
1134,1,1,0,0,0,0,1,0,0,0
5593,1,2,0,0,1,1,1,0,0,0
7252,0,1,1,0,0,0,1,1,0,0
7862,1,1,1,1,0,1,0,0,1,0
7139,1,1,1,1,0,0,0,1,0,0
6396,1,0,1,0,0,1,0,1,0,0
930,1,2,0,2,1,1,0,0,0,1
1666,1,2,1,2,0,0,1,1,0,0
7218,1,0,1,1,0,1,0,1,1,0
1319,1,1,1,0,0,1,1,1,0,0
6621,1,1,1,1,1,1,1,0,1,1
1998,1,2,1,1,0,1,1,1,1,0
7236,1,2,1,1,1,1,0,0,0,1
7361,1,1,0,1,0,1,1,0,1,0
1298,0,0,0,1,0,0,0,0,1,0
1079,1,2,1,1,1,1,1,1,1,1
54,1,4,1,0,1,1,1,0,0,1
7487,0,0,0,0,0,0,0,0,0,0
6800,1,1,1,1,0,1,1,1,1,0
7560,1,2,0,1,0,0,1,0,0,0
6055,1,1,1,1,1,1,1,1,1,0
857,3,2,1,0,0,2,2,1,0,0
159,1,2,1,1,1,0,1,0,1,1
6885,1,2,1,1,0,0,0,0,1,0
5456,1,2,0,1,1,0,0,0,0,1
5608,1,1,1,1,0,1,0,1,1,0
6029,1,1,1,1,0,1,1,1,1,0
186,1,2,1,1,1,1,1,0,0,1
6959,1,1,0,1,0,1,0,0,1,0
604,1,0,1,1,0,0,0,1,1,0
7121,1,2,0,1,0,1,1,0,1,0
5689,1,1,0,1,0,0,1,0,0,0
6815,1,1,0,1,0,1,0,0,1,0
299,1,1,1,0,1,1,1,1,0,1
6585,0,1,0,1,0,0,1,0,1,0
6664,1,2,1,1,0,1,1,0,0,0
6833,0,2,1,1,0,0,1,0,1,0
6334,1,1,0,0,0,0,0,0,0,0
148,1,1,0,0,0,1,1,0,0,0
1015,2,3,1,1,1,1,1,1,1,1
133,1,1,0,0,1,1,1,0,0,1
7052,1,1,1,1,1,1,1,1,1,1
354,1,1,0,0,1,1,0,0,0,1
1668,0,0,0,0,0,0,0,0,0,0
7467,1,1,0,1,0,1,1,0,1,0
250,1,3,1,2,1,1,2,0,1,1
7373,0,0,1,1,1,0,0,0,1,1
7175,1,1,1,0,1,1,0,0,0,0
1821,1,1,1,1,1,0,1,1,0,0
7561,2,2,1,1,0,0,1,1,0,0
7815,2,2,2,1,0,1,0,1,0,0
1850,1,2,1,1,1,1,1,1,1,1
6524,1,2,1,1,2,1,1,1,1,1
74,0,1,0,1,0,0,0,0,0,0
1261,0,1,0,0,0,0,0,0,0,0
6472,1,2,1,0,1,0,1,1,0,1
6934,0,1,0,0,0,0,0,0,0,0
619,1,1,1,1,1,1,1,1,0,1
1837,1,2,1,1,0,1,1,1,1,0
738,1,1,0,0,0,0,0,0,0,0
8014,1,1,0,0,1,1,0,0,0,1
1220,2,1,0,0,1,1,1,0,0,0
7065,0,1,0,0,0,0,1,0,0,0
1142,2,1,1,1,0,0,0,0,0,0
5531,1,1,0,1,1,1,1,0,1,1
6485,1,1,0,1,0,1,1,0,1,0
194,1,1,0,0,1,1,1,0,0,1
8266,2,2,0,1,0,2,1,0,1,0
1839,1,1,1,1,1,0,0,0,0,0
201,1,2,0,1,1,1,1,0,1,1
6643,1,3,1,1,1,0,1,1,0,1
5540,1,1,1,0,0,0,1,0,0,0
7206,0,2,0,0,0,0,0,0,0,0
7230,1,2,0,1,0,1,2,0,0,0
6663,1,1,1,1,0,1,0,1,0,0
1900,0,1,0,1,0,0,0,0,1,0
1997,1,1,0,1,0,1,0,0,0,0
1664,0,1,1,1,1,0,0,0,1,1
7028,0,3,0,1,0,0,3,0,1,0
6609,1,1,0,1,1,1,1,0,1,1
5054,1,2,0,1,0,1,0,0,0,0
936,2,2,1,1,0,1,1,0,1,0
6977,1,2,0,0,0,0,0,0,0,0
6601,0,1,1,1,0,0,1,0,0,0
5777,0,1,0,1,0,0,1,0,1,0
6947,0,1,0,0,0,0,0,0,0,0
988,1,1,0,1,0,1,0,0,1,0
6875,1,2,1,1,0,1,1,1,1,0
6060,1,1,0,1,0,1,1,0,1,0
1020,1,1,1,0,0,1,1,1,0,0
609,1,3,0,1,1,1,1,0,1,0
7062,1,2,1,1,0,0,2,0,1,0
7577,1,1,1,1,0,1,1,1,1,0
1841,1,1,1,0,0,0,0,1,0,0
8048,1,0,1,0,0,1,0,1,0,0
1453,1,1,1,1,0,0,1,1,1,0
6369,1,2,1,1,1,1,1,1,1,1
1201,0,2,1,0,1,0,2,1,0,0
8041,1,1,1,0,1,1,1,1,0,1
5641,1,3,1,1,0,1,2,1,1,0
8264,1,2,0,0,0,1,2,0,0,0
7303,1,0,1,0,0,1,0,1,0,0
631,1,1,1,1,0,1,1,0,0,0
5215,1,1,0,1,0,1,1,0,1,0
6811,0,1,1,1,0,0,1,1,0,0
6620,0,0,1,0,0,0,0,1,0,0
1510,1,2,1,0,1,1,2,1,0,1
1218,1,1,0,1,0,1,1,0,1,0
212,1,2,1,0,0,1,1,1,0,0
7495,1,3,1,2,0,1,0,0,1,0
984,1,1,0,1,1,1,1,0,1,1
1979,1,1,1,0,1,1,1,1,0,1
5450,3,2,1,0,1,2,1,0,0,0
1858,0,0,0,0,0,0,0,0,0,0
53,1,1,0,1,1,1,0,0,1,1
111,0,0,1,0,1,0,0,0,0,1
1957,1,2,1,1,1,1,1,1,1,1
5461,0,2,0,1,0,0,2,0,1,0
1831,1,1,1,1,0,1,1,1,1,0
1820,2,1,0,1,1,2,1,0,1,1
5383,0,2,1,1,0,0,0,1,0,0
6201,1,1,1,0,0,1,1,1,0,0
7804,1,1,3,1,1,1,1,1,0,1
8237,0,0,1,0,0,0,0,0,0,0
7750,1,3,1,1,1,1,2,1,0,1
6929,1,2,0,1,0,1,1,0,1,0
118,0,1,1,0,1,0,0,1,0,1
5754,1,2,1,1,1,1,2,0,1,1
5719,1,2,1,0,0,0,0,0,0,0
6725,3,2,1,2,0,0,1,1,1,0
7716,1,1,0,1,0,1,0,0,0,0
445,0,1,0,0,0,0,1,0,0,0
6595,0,1,0,0,0,0,0,0,0,0
6531,1,0,1,1,1,1,0,1,1,1
7101,0,1,0,1,0,0,0,0,0,0
7469,0,1,1,1,1,0,1,1,1,1
739,0,1,0,0,0,0,0,0,0,0
7066,0,0,0,0,0,0,0,0,0,0
7317,1,2,1,1,0,1,2,1,1,0
6975,1,2,1,1,1,0,1,1,1,0
7343,2,2,1,1,0,1,1,0,1,0
5308,1,1,0,0,0,1,0,0,0,0
8027,1,1,1,0,1,0,1,1,0,1
1108,1,2,1,1,0,1,1,1,0,0
6382,1,2,0,1,0,1,1,0,1,0
1346,0,2,1,0,0,0,0,1,0,0
5440,1,1,1,1,1,1,1,1,1,0
7396,1,2,0,0,0,1,2,0,0,0
7219,1,1,1,1,0,0,0,1,0,0
888,1,1,1,1,1,1,1,0,1,1
6477,1,0,0,0,0,1,0,0,0,0
6807,1,1,1,0,1,1,1,1,0,1
6367,1,1,0,0,1,1,1,0,0,1
6911,1,1,1,0,1,1,1,1,0,1
8280,2,1,0,1,0,1,1,0,1,0
343,0,1,0,1,1,0,1,0,1,1
6857,1,1,1,1,1,1,1,1,1,1
1807,1,2,1,0,0,1,2,0,0,0
1623,2,3,1,2,0,1,2,0,0,0
6626,1,1,0,0,0,1,1,0,0,0
6869,1,1,1,0,0,1,1,0,0,0
6906,1,2,0,1,0,1,1,0,1,0
5959,1,1,0,1,1,1,0,0,0,0
6973,1,1,0,1,0,1,0,0,0,0
268,2,6,1,2,1,0,3,1,0,1
7384,1,1,1,1,1,1,1,1,1,1
7146,1,1,1,1,0,1,1,1,0,0
7414,1,0,0,1,0,0,0,0,1,0
6481,1,2,1,0,0,1,2,1,0,0
7871,0,0,0,0,0,0,0,0,0,0
6375,1,0,0,0,0,1,0,0,0,0
1384,1,1,1,1,0,1,1,1,1,0
130,1,1,1,0,1,0,0,1,0,0
7289,1,1,0,0,0,0,0,0,0,0
6144,1,1,0,1,0,1,0,0,1,0
6134,1,1,0,0,0,1,1,0,0,0
5110,1,2,1,1,0,1,1,1,1,0
6611,1,3,1,1,0,0,2,1,0,0
5664,0,0,0,1,0,0,0,0,1,0
7100,1,3,1,0,1,1,3,0,0,1
6886,1,1,0,1,0,1,1,0,1,0
630,1,1,0,1,1,1,1,0,1,1
6198,1,1,0,0,0,1,0,0,0,0
938,1,2,0,1,1,1,2,0,1,1
5447,1,1,0,0,0,1,1,0,0,0
5301,1,1,1,1,1,1,1,0,1,1
1473,2,1,0,2,1,1,1,0,1,0
7513,1,2,1,1,1,0,1,1,1,1
1390,1,3,1,1,1,1,1,0,0,0
8390,0,1,0,0,0,0,1,0,0,0
7961,1,1,0,0,0,1,0,0,0,0
896,1,1,1,1,1,1,0,1,0,1
5075,1,1,0,0,1,1,1,0,0,1
7826,1,0,1,0,1,0,0,1,0,1
5003,1,2,0,1,1,1,2,0,1,1
1128,1,3,1,1,1,1,2,1,1,1
7372,0,2,0,0,0,0,1,0,0,0
5687,1,1,1,0,0,1,1,0,0,0
25,0,3,0,1,1,0,2,0,1,1
7870,0,1,0,0,0,0,1,0,0,0
974,0,1,0,1,0,0,1,0,1,0
1192,0,1,0,0,0,0,0,0,0,0
5012,1,1,1,1,0,0,0,1,1,0
5187,1,1,1,0,1,1,1,1,0,1
937,1,3,1,1,1,1,1,1,0,1
248,1,1,0,0,1,1,0,0,0,1
571,1,1,0,2,0,1,1,0,1,0
195,1,2,1,1,0,1,1,1,1,0
7591,1,1,1,0,0,0,0,1,0,0
38,1,1,1,1,0,1,1,1,0,0
6727,1,1,0,1,1,1,1,0,0,0
7883,1,1,1,1,0,1,1,1,1,0
1090,1,1,0,1,1,0,0,0,0,0
1951,1,1,1,1,0,1,1,1,1,0
7702,1,1,0,1,0,1,1,0,1,0
7357,1,1,0,0,0,1,1,0,0,0
1852,1,1,0,0,0,1,1,0,0,0
8317,0,1,0,1,0,0,1,0,1,0
5958,0,1,0,1,0,0,1,0,0,0
944,2,1,0,1,1,1,1,0,1,1
7278,1,1,0,1,0,0,0,0,1,0
6343,1,3,0,1,1,0,1,0,1,1
8011,1,1,0,0,0,1,1,0,0,0
7477,1,2,0,0,1,1,2,0,0,0
7397,1,2,0,1,0,1,1,0,1,0
7550,1,2,1,0,1,1,0,0,0,1
1424,0,1,1,0,0,0,1,1,0,0
7579,1,2,1,0,0,1,2,1,0,0
879,1,1,1,0,2,1,0,0,0,0
6647,1,1,1,0,0,1,1,1,0,0
7425,0,1,0,0,0,0,1,0,0,0
6371,2,1,1,0,0,2,1,1,0,0
5553,0,1,1,0,1,0,1,1,0,1
7107,0,3,1,1,0,0,3,1,1,0
5596,1,3,1,1,0,1,2,1,0,0
1662,1,1,0,1,0,0,0,0,1,0
929,1,1,1,0,1,1,1,1,0,1
624,2,1,1,0,0,0,1,0,0,0
1735,0,2,1,0,1,0,1,1,0,1
7382,1,1,0,1,1,0,1,0,1,1
7959,0,0,0,1,0,0,0,0,0,0
7593,0,2,1,1,1,0,1,1,1,1
6892,1,1,0,1,0,1,1,0,1,0
1619,1,1,0,0,0,1,1,0,0,0
1816,0,1,0,1,0,0,0,0,0,0
5140,1,1,1,1,0,1,0,0,1,0
6896,1,2,1,0,0,1,0,1,0,0
6405,1,2,1,1,1,1,2,1,1,1
5029,0,2,1,1,1,0,0,1,1,0
6998,1,1,0,1,0,1,1,0,1,0
286,1,2,1,1,1,1,1,1,1,1
5915,0,1,0,0,0,0,1,0,0,0
6865,0,2,1,1,0,0,1,0,0,0
151,1,2,0,0,1,0,1,0,0,1
295,1,1,0,1,0,1,0,0,1,0
6443,1,1,0,0,0,1,1,0,0,0
1151,1,1,0,1,1,1,0,0,0,1
6128,1,1,1,1,1,1,1,1,1,1
7116,2,1,0,1,0,0,0,0,0,0
7143,1,1,1,0,0,1,1,1,0,0
1265,1,1,0,0,1,1,1,0,0,1
5281,1,2,0,0,1,1,0,0,0,1
7816,0,2,0,0,0,0,0,0,0,0
8001,1,1,1,2,0,1,1,1,2,0
8329,1,1,1,0,0,1,0,0,0,0
6995,1,1,0,0,0,0,0,0,0,0
7374,1,1,0,0,1,1,1,0,0,1
6806,0,1,1,0,1,0,1,0,0,1
947,2,1,1,1,1,2,0,1,1,0
137,1,1,1,0,0,1,1,0,0,0
7585,1,2,0,1,0,1,0,0,1,0
7033,0,1,0,1,0,0,0,0,1,0
6839,0,1,0,0,1,0,1,0,0,1
225,1,1,1,1,0,1,1,1,1,0
817,1,1,0,1,1,0,0,0,0,1
957,1,2,1,1,2,1,1,1,1,0
837,1,2,0,1,1,1,1,0,1,1
7450,1,2,1,1,1,1,1,1,0,1
1406,1,0,0,0,0,1,0,0,0,0
6280,0,1,1,0,0,0,0,1,0,0
5945,1,1,0,1,1,1,1,0,1,1
874,0,1,1,0,1,0,1,0,0,0
6644,0,1,1,0,0,0,1,0,0,0
1071,1,0,0,0,1,1,0,0,0,1
7191,1,2,1,1,0,1,1,1,1,0
306,1,1,0,2,1,1,1,0,2,1
5680,1,1,1,0,0,1,1,1,0,0
6315,1,1,0,1,0,0,1,0,0,0
6936,1,1,0,0,0,1,1,0,0,0
1252,0,0,0,2,0,0,0,0,0,0
6974,1,2,1,0,1,0,1,1,0,1
4,1,2,1,1,0,0,1,1,1,0
6349,1,2,0,1,1,1,2,0,1,1
7444,1,1,1,0,1,1,1,1,0,1
5044,1,3,1,1,1,0,0,0,0,0
123,1,0,0,0,0,1,0,0,0,0
6651,1,1,0,1,1,0,1,0,1,1
315,1,0,0,0,0,1,0,0,0,0
6888,0,0,0,0,0,0,0,0,0,0
6884,1,1,0,1,0,1,1,0,1,0
5875,2,2,1,1,1,1,0,1,1,0
7857,1,1,0,0,0,1,1,0,0,0
1157,1,0,1,0,1,1,0,1,0,1
7369,0,1,1,1,1,0,0,1,0,1
1044,1,1,1,1,1,1,1,0,1,1
611,1,2,1,0,1,1,1,0,0,0
8062,1,2,1,1,1,1,2,1,1,1
1411,1,0,0,0,0,1,0,0,0,0
7473,1,2,1,1,1,1,2,1,1,1
1948,0,1,1,1,0,0,0,1,1,0
7895,0,2,1,1,0,0,1,1,0,0
7345,1,1,1,1,0,1,0,0,0,0
5035,1,1,0,0,0,1,1,0,0,0
668,1,2,1,1,1,1,1,1,1,1
905,1,2,1,1,0,0,1,1,0,0
7031,1,1,1,1,0,0,1,0,0,0
6711,2,1,0,1,0,2,0,0,1,0
1986,1,1,1,0,0,0,1,1,0,0
1008,0,1,0,0,0,0,1,0,0,0
14,1,2,1,1,1,1,1,1,1,1
693,1,2,0,1,0,1,0,0,0,0
7864,1,1,0,0,0,1,1,0,0,0
7500,1,2,1,0,0,1,1,1,0,0
1385,1,1,1,1,0,1,1,1,0,0
1180,1,0,0,1,0,1,0,0,1,0
5015,2,0,0,0,0,1,0,0,0,0
1138,2,2,1,0,1,0,0,1,0,1
6796,1,4,1,0,0,0,1,0,0,0
7109,1,2,1,1,0,1,1,0,1,0
1445,1,1,1,1,1,1,0,1,1,0
6130,1,1,1,0,1,1,1,1,0,1
7043,1,1,1,0,0,0,1,0,0,0
1480,2,2,1,1,0,1,1,0,0,0
8020,1,2,0,1,1,1,1,0,0,1
1022,0,1,0,1,1,0,0,0,1,1
7027,0,1,0,0,0,0,0,0,0,0
5588,1,1,0,0,0,1,0,0,0,0
1956,1,1,1,1,1,1,0,1,1,1
7115,0,9,0,1,1,0,3,0,0,1
7472,3,3,1,1,1,1,2,1,1,0
5683,1,0,1,1,0,0,0,1,1,0
1980,1,1,0,0,0,1,1,0,0,0
7035,1,2,1,1,0,1,1,0,1,0
577,1,3,1,1,0,0,2,1,0,0
264,3,1,0,1,0,2,0,0,1,0
919,0,1,0,0,0,0,1,0,0,0
7587,1,1,1,1,0,1,1,1,1,0
6847,1,0,1,0,1,1,0,0,0,1
8259,0,1,1,0,0,0,1,0,0,0
7939,0,1,0,1,0,0,1,0,1,0
1911,1,1,0,1,0,1,1,0,1,0
7899,2,0,1,0,0,2,0,1,0,0
7820,1,2,1,1,1,0,1,0,0,0
1737,0,0,0,1,1,0,0,0,0,0
7346,1,3,0,1,1,1,2,0,1,1
6870,1,0,1,0,0,0,0,0,0,0
796,1,1,0,1,1,1,1,0,1,1
7912,0,0,1,0,0,0,0,1,0,0
6734,1,1,0,2,1,1,0,0,0,0
5424,1,1,0,0,0,1,1,0,0,0
6566,0,1,1,0,1,0,1,1,0,1
442,2,5,1,0,0,1,3,0,0,0
6439,1,2,1,1,1,0,1,0,0,0
5249,1,1,1,0,1,1,1,1,0,1
997,1,1,0,1,1,0,1,0,1,1
71,2,3,2,2,1,1,1,0,0,0
5135,1,1,0,1,1,1,1,0,1,0
1130,0,0,0,0,0,0,0,0,0,0
1824,1,2,1,1,1,1,0,0,0,0
1072,0,1,0,1,0,0,1,0,1,0
1491,1,1,1,0,1,0,1,1,0,0
1712,1,1,1,0,0,1,1,1,0,0
263,1,2,1,0,1,0,2,1,0,1
1256,1,0,1,1,0,1,0,1,1,0
6009,1,1,1,1,0,0,0,1,1,0
128,1,6,1,3,1,1,4,1,2,1
99,1,1,0,1,0,0,0,0,0,0
7863,0,1,1,0,1,0,1,1,0,1
602,0,2,0,0,0,0,1,0,0,0
109,1,1,0,0,0,1,0,0,0,0
5359,1,1,0,0,0,1,1,0,0,0
1999,1,1,0,0,0,1,1,0,0,0
167,1,2,1,1,1,1,1,1,1,1
5787,2,1,1,1,1,1,1,1,1,1
6819,1,1,1,0,0,0,1,1,0,0
370,1,2,1,1,1,1,1,1,1,1
6469,1,1,1,1,1,1,0,1,1,1
877,1,1,1,1,1,1,0,0,1,0
7460,1,1,1,1,0,1,1,0,1,0
1253,1,1,0,0,1,1,1,0,0,1
6504,0,1,1,1,0,0,0,0,1,0
7479,0,1,1,1,1,0,1,1,1,1
252,1,1,1,1,1,1,1,1,1,1
5361,1,1,1,0,0,1,0,0,0,0
828,1,2,1,1,1,0,1,0,1,1
6282,1,3,0,1,0,1,1,0,1,0
6810,0,1,0,0,1,0,1,0,0,0
7137,1,1,0,0,1,1,1,0,0,1
6339,1,2,1,0,0,1,1,1,0,0
7517,1,1,0,0,1,1,1,0,0,1
5457,1,2,1,0,0,0,0,0,0,0
7451,0,1,0,0,0,0,1,0,0,0
7852,1,2,0,1,0,1,1,0,1,0
7023,1,1,1,0,0,0,1,0,0,0
7443,1,1,1,1,0,0,0,0,1,0
7573,1,2,1,1,0,1,1,1,0,0
1103,1,2,0,1,0,1,1,0,0,0
5609,1,1,1,1,1,1,1,1,1,1
6445,1,2,1,0,0,1,2,1,0,0
6756,0,1,1,1,0,0,1,0,0,0
1647,1,2,0,1,0,0,1,0,1,0
635,1,4,1,0,0,1,3,0,0,0
313,1,1,1,0,1,1,1,1,0,1
1036,1,1,1,1,1,1,0,1,0,1
7307,0,0,0,0,0,0,0,0,0,0
6547,1,1,0,0,0,1,1,0,0,0
6827,0,0,0,0,0,0,0,0,0,0
278,1,2,1,1,1,1,0,0,1,0
7181,1,1,0,0,0,1,1,0,0,0
5690,1,1,0,0,0,0,0,0,0,0
226,1,1,1,2,1,1,1,0,2,0
6854,1,1,1,1,0,0,0,0,1,0
5370,1,0,1,1,0,0,0,0,1,0
5060,1,1,0,1,0,0,1,0,1,0
1988,0,1,0,0,0,0,0,0,0,0
1031,1,3,0,1,0,0,1,0,0,0
7819,1,3,1,0,1,1,1,1,0,1
481,0,1,0,1,0,0,1,0,1,0
6410,1,1,1,0,0,0,0,1,0,0
1883,0,1,1,1,0,0,1,1,1,0
1991,1,1,1,1,1,0,0,1,1,0
5824,1,1,1,0,1,1,1,1,0,1
7256,1,1,0,1,1,1,1,0,1,1
7511,0,1,0,0,0,0,1,0,0,0
1488,1,3,1,1,0,1,0,1,0,0
6902,1,2,1,1,0,1,0,1,1,0
6075,1,1,0,0,0,1,1,0,0,0
1901,1,2,0,1,0,1,0,0,0,0
8275,1,1,1,0,0,1,1,1,0,0
5708,0,1,0,0,1,0,1,0,0,1
5522,1,1,0,1,1,1,1,0,1,1
5453,1,1,0,1,0,0,0,0,1,0
7301,1,2,1,1,0,1,2,0,0,0
7814,1,1,0,1,0,1,1,0,1,0
6066,0,0,1,0,0,0,0,1,0,0
6850,1,2,1,1,0,1,1,1,0,0
7461,2,1,1,0,0,1,0,1,0,0
7117,1,2,0,1,0,1,2,0,1,0
1838,1,2,1,1,1,1,2,1,1,1
5940,0,0,0,0,0,0,0,0,0,0
1225,1,1,1,1,0,1,1,0,1,0
404,0,1,0,1,0,0,1,0,1,0
8035,1,1,1,0,1,0,1,1,0,1
7515,2,0,0,1,0,1,0,0,0,0
7048,1,1,0,0,0,1,1,0,0,0
245,1,1,1,1,1,1,1,1,0,0
6910,1,2,1,1,1,1,0,0,0,0
6097,1,1,0,0,0,1,0,0,0,0
5944,1,1,0,1,0,1,0,0,1,0
5662,1,2,1,1,1,1,1,1,1,1
86,1,1,1,1,1,1,1,1,0,1
253,1,2,0,1,1,1,2,0,1,1
1864,1,1,1,0,1,1,1,1,0,1
6882,2,2,1,0,1,1,2,1,0,1
7889,0,1,1,1,0,0,1,1,1,0
1470,1,1,0,1,0,1,1,0,1,0
5446,1,1,0,0,1,1,1,0,0,1
7730,1,2,1,0,0,1,2,0,0,0
6826,1,1,0,1,1,1,1,0,1,1
5423,1,1,0,1,1,1,1,0,1,1
30,2,1,0,0,1,0,1,0,0,1
6401,1,1,0,0,0,1,1,0,0,0
826,0,1,1,0,1,0,1,1,0,1
537,1,1,1,0,1,0,1,1,0,1
833,1,2,1,0,1,1,1,0,0,1
1665,0,3,0,1,1,0,1,0,1,1
1797,1,0,1,1,0,1,0,0,1,0
1433,1,1,1,1,1,1,0,1,0,1
1802,1,1,1,0,1,1,0,1,0,1
7506,1,1,0,1,1,1,1,0,1,1
7128,1,1,1,1,0,1,1,1,1,0
469,1,1,0,1,1,1,1,0,1,1
7037,1,0,1,0,0,1,0,1,0,0
219,2,2,0,0,0,1,0,0,0,0
6004,1,0,0,0,0,0,0,0,0,0
5512,1,1,1,1,1,0,1,0,1,1
6199,1,1,1,0,1,1,1,1,0,1
1098,1,1,1,0,0,1,1,1,0,0
1479,2,3,1,1,0,1,2,1,1,0
5232,1,1,1,1,1,0,1,0,0,0
8026,1,1,1,1,1,1,1,1,1,1
7802,1,2,0,1,1,1,2,0,1,1
7874,1,2,1,0,0,1,0,0,0,0
7403,1,2,1,0,0,1,2,0,0,0
59,1,1,1,1,0,0,1,1,0,0
585,1,1,1,0,0,1,1,0,0,0
8302,1,1,1,0,0,1,1,1,0,0
1674,1,2,0,0,1,0,1,0,0,1
5581,1,2,1,1,0,1,1,0,1,0
1300,2,1,1,1,1,1,1,1,0,1
7073,2,0,1,0,0,2,0,1,0,0
7231,0,1,0,0,1,0,1,0,0,1
6013,0,1,0,0,0,0,0,0,0,0
5497,1,2,0,1,0,1,2,0,1,0
1644,1,1,0,1,0,0,0,0,1,0
238,1,3,1,2,1,0,1,0,2,1
6671,0,1,0,1,1,0,1,0,0,0
5722,1,2,0,1,0,0,1,0,1,0
7873,0,0,0,0,0,0,0,0,0,0
7077,1,1,1,0,0,1,1,1,0,0
1667,0,2,1,0,0,0,1,1,0,0
7258,1,2,0,1,1,1,2,0,1,1
7796,1,1,1,0,0,1,1,1,0,0
1313,1,2,1,0,1,1,1,1,0,1
5310,0,1,0,0,0,0,1,0,0,0
6305,0,1,1,0,0,0,0,0,0,0
7563,1,1,1,1,0,1,1,1,1,0
6446,1,1,0,1,0,1,1,0,1,0
913,1,2,1,0,1,0,2,1,0,1
5123,0,0,0,0,0,0,0,0,0,0
1636,1,2,1,1,1,1,0,1,1,1
5891,1,3,1,0,1,1,2,1,0,1
1691,0,1,0,1,0,0,0,0,1,0
1532,1,1,0,0,0,1,1,0,0,0
9002,1,2,0,0,0,0,1,0,0,0
995,1,1,1,0,1,1,1,0,0,1
7427,0,1,0,0,0,0,1,0,0,0
6858,2,1,1,1,1,1,1,1,1,1
7835,0,2,1,1,0,0,1,0,1,0
6846,0,0,1,0,0,0,0,1,0,0
230,1,1,0,1,0,1,1,0,1,0
8019,1,1,0,1,0,1,1,0,1,0
6333,1,1,1,1,0,0,0,0,0,0
269,2,1,1,1,1,2,1,1,1,1
5966,1,2,1,0,0,1,1,0,0,0
6971,1,1,0,1,0,1,1,0,1,0
911,1,1,1,0,0,1,1,1,0,0
991,1,1,0,0,0,1,1,0,0,0
7701,0,5,1,1,1,0,3,1,0,1
8040,1,1,1,0,1,0,1,1,0,1
853,1,1,0,1,1,1,1,0,0,0
7029,1,1,0,0,0,1,1,0,0,0
1984,1,0,1,0,1,1,0,0,0,0
8396,0,1,0,0,0,0,1,0,0,0
1320,0,1,1,0,0,0,0,0,0,0
6526,1,1,0,1,0,1,1,0,1,0
7095,0,2,1,1,0,0,0,0,0,0
1441,1,3,1,1,0,1,2,1,0,0
6832,1,1,1,0,0,1,0,0,0,0
1069,1,3,0,1,1,0,2,0,1,1
5097,1,2,1,0,1,1,2,1,0,1
1628,1,1,1,1,0,1,1,1,1,0
5105,0,1,0,0,0,0,0,0,0,0
6565,1,1,1,0,0,1,1,1,0,0
7881,1,2,1,1,1,0,1,0,1,1
1211,1,1,1,1,1,0,1,0,1,1
7096,2,1,1,0,1,2,1,0,0,1
7114,1,2,1,1,1,1,1,1,1,1
6795,1,1,0,0,0,0,0,0,0,0
7861,0,2,0,0,1,0,2,0,0,0
6645,1,2,1,1,1,1,2,1,1,1
7470,2,2,1,0,1,0,0,0,0,0
6987,1,1,1,1,1,1,1,1,1,1
1833,1,3,0,1,0,1,1,0,1,0
5248,1,1,0,2,0,0,1,0,1,0
674,0,1,1,0,1,0,1,1,0,1
1830,1,2,1,0,1,1,0,1,0,0
6949,0,1,1,1,0,0,1,1,1,0
682,1,1,0,1,1,1,1,0,1,1
7009,1,1,1,1,0,1,1,1,1,0
677,1,2,0,0,1,1,0,0,0,1
5789,1,1,1,0,0,1,1,1,0,0
45,1,2,1,1,1,1,1,1,0,1
7266,0,1,0,1,0,0,1,0,0,0
6384,2,1,0,0,0,0,1,0,0,0
5832,1,1,1,1,1,1,0,1,1,1
6420,1,1,1,1,1,0,1,0,1,1
6271,1,2,1,1,1,1,1,1,1,1
7078,2,2,0,1,0,2,2,0,1,0
279,1,2,1,1,0,1,2,1,1,0
7389,0,1,0,0,0,0,0,0,0,0
7908,1,1,1,0,0,1,1,1,0,0
7803,1,1,1,0,1,1,1,1,0,1
8029,2,2,0,0,0,1,1,0,0,0
7260,1,2,1,1,0,1,2,0,1,0
6783,1,1,0,1,1,1,0,0,0,1
126,1,2,1,1,0,1,1,1,1,0
1061,1,2,1,1,1,1,1,1,1,1
1715,1,1,0,0,0,1,1,0,0,0
8005,1,1,0,1,1,1,1,0,1,1
34,1,1,1,1,1,1,1,1,0,1
6897,1,2,1,0,0,1,1,1,0,0
8047,1,0,1,0,1,1,0,1,0,1
7754,1,1,1,1,0,1,1,1,1,0
1516,0,0,0,0,0,0,0,0,0,0
1309,0,0,0,0,0,0,0,0,0,0
251,1,3,1,0,0,1,0,1,0,0
6247,1,2,1,0,1,0,0,1,0,1
530,1,1,1,1,1,1,1,1,1,1
6740,0,1,1,0,0,0,1,1,0,0
7794,1,1,0,1,1,1,1,0,0,0
1011,2,3,0,0,0,1,2,0,0,0
1925,0,1,0,1,0,0,1,0,0,0
8316,1,1,0,1,0,0,0,0,1,0
7974,2,2,0,0,0,2,1,0,0,0
1114,0,1,1,1,0,0,1,1,0,0
7039,0,1,0,0,0,0,1,0,0,0
7326,1,0,1,1,0,1,0,1,0,0
1968,2,1,1,1,0,1,0,1,1,0
47,1,1,1,1,1,1,1,1,0,1
7875,1,2,0,1,1,0,0,0,1,1
13,1,2,0,1,1,1,1,0,0,0
7528,1,0,0,0,0,1,0,0,0,0
5924,2,3,0,1,0,0,0,0,0,0
239,1,1,1,0,1,1,1,1,0,1
5256,1,1,1,1,1,1,1,1,0,0
213,1,0,1,0,0,1,0,1,0,0
993,1,1,1,0,1,1,0,1,0,0
7279,1,1,0,0,0,0,0,0,0,0
6345,1,1,1,0,0,0,0,1,0,0
1119,1,1,0,1,1,1,1,0,1,1
1738,0,1,0,0,0,0,1,0,0,0
7014,1,0,0,0,0,1,0,0,0,0
8246,1,1,1,1,0,1,1,0,0,0
6479,1,1,1,1,1,1,1,1,1,0
6108,1,0,0,0,0,0,0,0,0,0
7911,2,2,0,0,0,1,1,0,0,0
1558,1,2,0,0,1,1,0,0,0,1
6893,1,1,0,1,0,1,0,0,1,0
7055,1,1,1,0,1,1,1,1,0,0
1813,0,1,1,0,1,0,0,1,0,0
7012,1,1,1,1,0,1,1,1,1,0
1152,1,1,1,0,1,0,1,1,0,1
6043,1,1,0,0,0,0,1,0,0,0
8017,1,1,1,0,1,1,0,0,0,0
816,1,2,1,1,0,1,0,0,0,0
7811,1,0,0,0,1,1,0,0,0,0
7050,1,2,1,0,1,1,2,1,0,1
921,1,2,1,0,1,1,1,1,0,1
7943,1,1,1,1,0,1,0,1,1,0
1572,1,1,1,1,1,0,1,1,0,1
7734,2,1,1,1,0,2,0,1,1,0
1694,1,0,1,1,0,0,0,0,0,0
6877,1,1,1,0,0,1,1,1,0,0
7255,1,1,1,1,1,1,1,1,0,0
5927,1,3,1,1,1,1,1,1,1,1
8238,1,2,1,0,0,0,0,1,0,0
5874,1,3,1,1,0,1,0,1,1,0
7130,1,1,1,0,0,1,0,1,0,0
709,1,1,1,1,0,0,0,1,0,0
943,1,3,1,1,1,1,2,1,1,1
8261,1,1,0,1,0,1,1,0,1,0
7549,0,0,1,0,0,0,0,0,0,0
6937,1,1,1,0,0,1,1,1,0,0
7590,1,0,0,0,0,1,0,0,0,0
6704,1,0,1,1,0,1,0,1,1,0
5515,1,1,0,0,1,0,1,0,0,1
6960,1,2,0,1,0,1,2,0,1,0
6697,1,2,1,1,1,1,1,1,0,1
6983,2,2,1,1,1,2,2,1,1,1
7851,1,2,0,0,1,1,2,0,0,1
104,0,0,0,1,0,0,0,0,1,0
586,1,1,1,1,0,1,1,1,1,0
7365,1,1,0,0,0,0,0,0,0,0
7475,1,0,1,0,0,1,0,0,0,0
6459,1,1,1,1,1,1,1,0,0,1
154,1,0,0,0,0,1,0,0,0,0
6848,1,2,0,0,0,0,0,0,0,0
1564,1,1,0,0,0,0,0,0,0,0
5325,0,0,0,1,0,0,0,0,1,0
5338,0,2,0,0,0,0,0,0,0,0
8071,1,2,0,1,1,1,2,0,1,1
7295,1,2,0,1,0,0,1,0,1,0
5934,1,2,1,1,1,1,1,1,1,1
6894,1,2,1,1,1,1,1,1,1,1
1919,1,3,1,0,0,1,1,1,0,0
1205,1,0,0,0,0,1,0,0,0,0
7085,1,3,0,1,1,1,2,0,1,0
497,1,1,1,0,0,0,1,1,0,0
6791,0,1,0,0,0,0,1,0,0,0
8328,1,1,0,1,1,1,1,0,1,1
3,1,1,0,0,1,1,1,0,0,0
716,1,1,0,1,0,1,1,0,1,0
5182,0,2,1,1,0,0,1,0,0,0
6399,1,0,0,0,0,1,0,0,0,0
7753,1,1,1,0,0,1,1,1,0,0
1704,1,1,0,1,1,1,0,0,0,0
7383,1,1,1,1,1,1,1,1,1,1
5900,1,2,1,0,0,1,2,0,0,0
6741,1,1,0,0,1,1,0,0,0,1
8002,1,1,0,1,0,1,0,0,1,0
7044,1,1,1,1,1,1,1,1,0,1
289,1,1,0,0,1,1,1,0,0,1
6924,1,1,1,1,0,0,0,1,1,0
63,1,2,1,1,1,1,1,0,1,1
6449,1,1,1,1,1,1,0,0,1,1
5967,0,1,0,1,1,0,1,0,0,1
7592,0,1,0,0,0,0,0,0,0,0
48,1,2,1,1,1,1,2,1,1,1
5742,1,1,1,1,0,1,1,1,1,0
8226,1,6,1,0,0,0,1,1,0,0
7489,1,2,0,1,0,0,2,0,1,0
1025,2,3,1,1,1,1,1,1,1,1
5229,0,0,0,1,0,0,0,0,1,0
1093,0,1,0,0,0,0,1,0,0,0
6572,2,2,1,1,0,0,1,1,1,0
7147,0,1,1,0,1,0,1,1,0,1
6453,1,1,1,1,0,0,0,0,1,0
1169,1,2,1,1,1,1,2,1,1,0
5533,1,1,1,1,0,1,1,1,1,0
5426,1,1,0,1,0,1,0,0,0,0
6186,0,0,0,0,0,0,0,0,0,0
6170,1,1,0,0,0,1,1,0,0,0
257,2,1,1,1,1,0,1,1,0,1
7502,1,0,0,1,0,1,0,0,1,0
1112,1,2,1,1,0,1,1,1,0,0
6100,1,2,1,1,0,1,1,1,1,0
5740,0,1,0,0,0,0,1,0,0,0
1321,1,1,1,1,1,1,1,1,1,1
6981,1,2,1,0,1,1,0,1,0,1
8251,1,2,0,1,0,1,1,0,1,0
5877,1,1,1,0,0,1,0,1,0,0
5489,0,1,0,1,0,0,1,0,1,0
6260,0,0,0,0,0,0,0,0,0,0
1877,1,1,0,0,0,1,1,0,0,0
5021,1,2,1,1,1,1,1,0,1,1
8303,1,1,0,0,0,1,1,0,0,0
1849,1,1,0,0,0,1,1,0,0,0
7138,1,2,1,0,0,1,2,1,0,0
882,1,3,1,1,1,0,2,0,0,1
1016,1,1,0,0,0,1,1,0,0,0
696,0,3,0,1,0,0,0,0,1,0
6581,1,2,1,1,1,1,2,0,1,1
172,1,1,0,1,1,0,0,0,0,0
6550,1,1,0,0,0,1,1,0,0,0
6703,1,1,1,1,1,0,0,0,0,0
1714,2,3,0,0,0,0,1,0,0,0
1884,0,1,0,1,0,0,0,0,1,0
8032,0,1,0,1,0,0,1,0,1,0
7398,1,0,1,0,0,1,0,1,0,0
533,2,2,0,1,0,1,1,0,0,0
6602,0,1,1,0,1,0,1,1,0,1
307,2,2,1,1,1,1,1,1,0,1
1310,0,1,0,0,0,0,1,0,0,0
6917,1,1,1,1,0,1,1,1,1,0
1886,1,1,1,1,0,1,1,1,1,0
6071,1,3,1,1,1,1,1,0,1,1
6793,2,1,0,0,1,2,1,0,0,1
5351,1,1,0,0,1,1,1,0,0,1
215,1,2,1,1,0,0,2,0,1,0
7349,1,2,0,1,0,0,0,0,1,0
6042,1,1,1,1,1,1,1,1,1,1
8075,1,1,1,0,0,1,1,1,0,0
5169,1,2,0,0,1,0,2,0,0,1
334,1,2,0,1,0,0,1,0,0,0
5658,1,1,0,1,1,1,1,0,1,1
5629,1,1,1,0,1,1,1,1,0,1
1100,0,0,0,0,0,0,0,0,0,0
5099,1,1,0,0,0,1,1,0,0,0
1254,1,2,0,0,0,0,1,0,0,0
6997,1,1,0,0,0,1,1,0,0,0
7220,1,1,1,0,0,1,1,1,0,0
7234,1,0,0,0,1,1,0,0,0,1
651,2,3,1,0,0,0,2,0,0,0
1891,1,2,0,1,0,1,1,0,0,0
1172,0,1,1,1,0,0,1,0,0,0
5022,1,0,0,1,0,1,0,0,1,0
7588,1,2,0,1,0,0,1,0,1,0
6948,1,1,1,0,1,1,1,0,0,1
7086,1,2,1,0,0,0,0,1,0,0
8065,1,1,0,1,0,0,0,0,1,0
6018,0,0,0,0,0,0,0,0,0,0
281,1,1,0,0,1,1,1,0,0,1
7158,1,2,1,0,1,1,2,1,0,1
1865,2,1,0,1,0,0,1,0,1,0
144,1,0,0,0,0,1,0,0,0,0
1705,0,2,1,0,0,0,1,0,0,0
6580,1,2,1,1,1,1,2,1,1,1
7822,1,0,0,1,1,1,0,0,1,1
1352,1,0,1,0,1,1,0,1,0,1
221,1,2,0,0,1,1,1,0,0,1
6926,1,2,1,0,0,1,0,0,0,0
6990,1,1,1,1,1,0,0,0,1,1
7436,1,2,0,1,0,1,2,0,1,0
1756,2,2,1,1,0,2,1,1,1,0
1270,2,1,1,1,1,1,1,1,1,0
6359,1,1,0,0,0,0,0,0,0,0
7257,1,2,1,1,1,1,1,1,1,1
5055,1,2,0,1,0,0,2,0,1,0
1832,1,2,1,1,0,1,0,0,1,0
7367,3,3,1,1,0,1,1,0,0,0
8006,0,1,1,0,0,0,0,1,0,0
6642,1,2,1,1,0,1,1,1,1,0
1783,1,2,0,0,0,1,2,0,0,0
5086,1,0,1,1,1,1,0,1,1,1
1542,2,1,0,1,0,1,1,0,1,0
8412,1,1,1,1,0,1,1,1,1,0
1145,0,1,1,0,0,0,1,1,0,0
6415,1,1,0,1,1,1,1,0,1,1
1230,1,3,1,1,1,1,3,1,1,1
7459,1,1,1,1,0,1,1,0,0,0
7126,1,1,1,0,1,1,1,1,0,1
855,1,2,1,2,1,1,1,0,2,1
5198,1,1,1,1,1,1,1,0,1,1
1866,2,2,1,1,0,1,1,1,1,0
5113,0,0,1,0,0,0,0,0,0,0
7275,1,2,1,1,0,1,2,1,1,0
7056,1,1,1,1,1,1,1,1,1,1
229,1,2,1,0,0,1,0,1,0,0
961,1,2,0,1,1,1,1,0,1,1
8004,3,2,2,1,0,1,2,1,0,0
6530,0,2,0,1,0,0,2,0,1,0
6096,1,2,1,0,0,1,2,1,0,0
39,0,2,1,2,1,0,1,0,0,1
1,1,1,0,0,1,1,1,0,0,0
11,1,2,1,1,0,1,1,1,1,0
23,0,1,0,1,0,0,0,0,1,0
24,1,0,0,1,0,0,0,0,1,0
69,0,2,1,1,0,0,2,1,1,0
81,1,1,1,1,0,0,0,0,1,0
85,1,1,1,1,0,1,1,0,0,0
91,1,1,1,1,0,1,0,1,1,0
98,1,2,1,1,0,1,0,1,0,0
124,0,2,0,0,0,0,2,0,0,0
131,1,2,1,2,0,1,0,0,1,0
162,1,1,0,0,0,1,1,0,0,0
179,1,2,1,1,1,0,0,0,1,0
207,2,1,0,1,0,1,1,0,1,0
209,1,1,1,1,1,1,1,1,1,1
240,2,2,1,1,1,0,2,0,1,0
247,1,1,0,0,0,1,1,0,0,0
249,1,1,1,0,0,1,0,1,0,0
266,0,1,0,0,0,0,0,0,0,0
285,2,2,0,0,0,0,0,0,0,0
290,1,1,0,1,1,1,1,0,1,1
293,2,2,1,1,0,1,2,0,0,0
298,0,1,0,0,0,0,1,0,0,0
342,0,2,0,1,0,0,1,0,0,0
372,1,1,0,1,0,0,0,0,0,0
379,2,1,0,1,0,0,0,0,1,0
397,2,1,1,0,0,1,1,1,0,0
405,1,2,1,1,1,1,1,1,1,1
437,1,1,1,0,0,0,0,0,0,0
446,0,1,1,1,0,0,1,1,0,0
470,1,1,1,0,1,1,1,0,0,0
474,1,1,1,1,0,1,1,1,1,0
496,1,1,2,0,1,0,1,1,0,0
504,1,4,0,0,0,1,2,0,0,0
508,1,0,0,0,0,0,0,0,0,0
531,1,2,0,1,0,0,0,0,0,0
532,1,2,1,1,1,1,1,1,0,1
567,1,1,1,0,0,1,0,1,0,0
578,2,1,0,0,0,0,1,0,0,0
581,1,2,1,0,0,0,2,0,0,0
582,0,0,0,0,0,0,0,0,0,0
591,2,1,0,0,0,1,1,0,0,0
618,1,1,0,1,1,1,1,0,1,1
622,1,3,0,0,0,0,0,0,0,0
634,1,4,1,0,1,0,2,0,0,1
639,1,2,0,0,0,1,0,0,0,0
664,1,3,1,1,1,0,1,1,1,0
666,1,2,0,1,0,1,1,0,1,0
680,1,2,0,1,0,1,1,0,1,0
681,1,0,1,0,0,0,0,0,0,0
685,0,1,0,0,0,0,0,0,0,0
687,2,2,1,0,0,1,1,1,0,0
690,2,3,1,1,0,0,1,1,1,0
692,1,1,1,1,1,1,1,1,1,0
702,0,0,0,0,0,0,0,0,0,0
703,1,1,1,1,0,0,0,0,0,0
710,0,1,0,0,0,0,0,0,0,0
711,1,2,1,1,0,1,2,0,0,0
713,1,1,1,1,0,0,0,0,0,0
728,0,1,0,0,0,0,1,0,0,0
729,1,1,0,0,0,1,0,0,0,0
734,1,1,1,1,1,0,0,0,1,0
746,1,1,0,1,0,1,0,0,1,0
747,0,1,0,0,0,0,0,0,0,0
748,1,1,0,1,0,1,1,0,0,0
750,1,2,1,1,0,0,1,1,0,0
751,1,2,0,1,0,1,0,0,0,0
760,1,1,1,1,0,0,1,1,0,0
762,1,2,0,1,0,0,1,0,1,0
764,1,1,1,1,0,1,1,1,1,0
782,1,1,1,0,0,0,0,0,0,0
783,0,1,0,0,0,0,0,0,0,0
797,0,2,1,0,0,0,0,1,0,0
798,1,1,0,0,0,1,0,0,0,0
799,0,1,1,0,0,0,1,0,0,0
800,1,2,0,0,0,1,1,0,0,0
801,1,0,1,1,0,0,0,0,0,0
802,0,2,0,1,0,0,1,0,0,0
839,1,1,0,1,0,1,1,0,1,0
842,1,1,1,1,1,0,0,1,1,1
845,1,1,1,1,0,1,1,1,1,0
849,1,3,1,1,0,1,3,1,1,0
858,1,1,1,0,0,1,1,1,0,0
862,0,2,1,1,1,0,1,0,0,1
883,0,1,0,0,0,0,1,0,0,0
885,2,2,1,1,0,1,0,1,0,0
891,1,1,1,0,1,1,0,1,0,1
901,1,1,0,1,0,0,1,0,1,0
917,1,2,1,1,0,1,1,0,1,0
934,1,1,0,1,0,1,1,0,1,0
945,1,1,0,1,0,1,1,0,1,0
946,2,3,1,0,0,1,1,1,0,0
948,1,2,1,1,0,1,1,1,0,0
963,1,1,0,1,0,1,0,0,1,0
964,1,2,1,1,0,1,0,1,1,0
972,1,3,1,1,0,0,1,0,0,0
981,1,0,1,0,1,1,0,0,0,1
985,1,1,0,0,0,1,0,0,0,0
986,1,2,1,0,0,1,1,1,0,0
989,2,1,1,0,1,1,1,1,0,1
990,0,1,1,1,1,0,0,0,1,0
996,1,2,1,1,1,1,1,1,1,1
999,1,1,1,1,0,1,1,1,1,0
1050,1,1,1,1,0,1,1,1,1,0
1055,2,5,0,2,0,0,1,0,0,0
1109,1,1,1,1,0,1,0,1,1,0
1117,1,1,0,0,0,1,1,0,0,0
1122,1,2,1,1,0,1,0,0,0,0
1125,1,0,0,1,0,0,0,0,0,0
1126,1,2,0,1,0,1,0,0,0,0
1129,1,1,1,1,0,0,1,1,0,0
1147,1,1,1,1,0,1,1,1,1,0
1154,1,1,1,0,0,1,1,0,0,0
1176,1,2,0,1,0,0,1,0,1,0
1177,1,4,1,0,0,1,2,1,0,0
1178,1,3,1,1,0,0,1,1,0,0
1179,1,1,1,1,0,1,1,1,1,0
1191,1,1,1,1,0,1,1,0,0,0
1193,1,1,1,0,0,1,1,1,0,0
1207,1,3,1,1,0,1,1,1,0,0
1209,1,1,0,0,0,1,1,0,0,0
1210,1,1,1,1,0,0,1,1,1,0
1213,1,1,1,0,0,1,1,0,0,0
1215,2,3,1,1,1,2,2,0,0,1
1235,1,1,1,1,0,1,1,1,1,0
1260,1,2,0,0,0,1,1,0,0,0
1269,0,1,0,1,0,0,0,0,1,0
1308,1,1,0,0,0,1,1,0,0,0
1323,1,1,0,0,0,1,0,0,0,0
1330,1,1,1,0,0,1,1,1,0,0
1331,1,0,1,1,0,0,0,1,0,0
1337,1,0,0,0,0,0,0,0,0,0
1343,1,2,0,1,0,1,1,0,1,0
1347,1,1,1,1,0,1,1,1,1,0
1349,1,0,1,0,0,1,0,0,0,0
1359,0,1,1,0,0,0,0,1,0,0
1392,1,1,0,1,0,1,1,0,1,0
1395,0,2,0,1,0,0,0,0,1,0
1401,1,1,1,0,0,1,1,1,0,0
1408,1,1,0,1,0,1,1,0,1,0
1410,1,1,1,0,0,1,1,1,0,0
1418,1,1,0,1,0,0,0,0,1,0
1425,0,1,0,1,0,0,0,0,1,0
1434,1,2,0,0,0,1,1,0,0,0
1465,0,0,0,0,0,0,0,0,0,0
1472,0,1,0,0,0,0,0,0,0,0
1482,1,2,1,1,1,0,1,0,1,1
1489,1,1,1,1,0,1,1,0,1,0
1492,0,1,0,1,0,0,1,0,1,0
1497,1,1,0,0,0,1,0,0,0,0
1498,1,1,0,0,1,1,1,0,0,1
1502,1,1,1,1,1,1,1,1,1,1
1508,1,1,1,0,0,1,1,1,0,0
1522,2,0,0,0,0,0,0,0,0,0
1524,1,1,1,1,0,0,0,1,1,0
1525,1,1,1,1,0,1,1,0,1,0
1526,1,3,1,1,0,1,2,0,0,0
1531,1,1,1,0,0,1,1,1,0,0
1536,1,1,0,0,0,1,0,0,0,0
1537,2,1,1,1,0,0,1,0,0,0
1549,1,2,1,1,0,1,1,1,0,0
1566,2,1,1,1,0,1,1,1,1,0
1573,1,2,0,0,0,0,1,0,0,0
1576,1,1,0,0,0,0,0,0,0,0
1577,1,1,0,0,0,1,0,0,0,0
1583,1,2,1,0,0,1,1,1,0,0
1584,1,2,1,1,0,1,0,0,1,0
1590,1,2,0,1,1,1,1,0,1,1
1591,0,2,0,0,0,0,0,0,0,0
1592,2,2,1,2,0,0,1,0,1,0
1595,0,0,0,0,0,0,0,0,0,0
1598,1,2,1,1,0,1,2,0,1,0
1600,1,2,1,1,0,1,2,1,1,0
1602,1,2,0,1,0,1,1,0,0,0
1603,1,1,0,1,0,1,1,0,1,0
1604,0,1,1,0,0,0,1,0,0,0
1605,0,0,0,0,0,0,0,0,0,0
1637,0,2,1,0,0,0,2,1,0,0
1640,1,3,1,1,0,1,2,0,1,0
1646,1,2,1,1,0,1,2,1,1,0
1655,1,0,1,1,0,0,0,0,0,0
1657,1,2,0,0,1,0,0,0,0,0
1670,1,1,1,0,0,1,1,0,0,0
1671,1,1,1,2,0,0,1,1,2,0
1684,1,1,1,0,0,1,0,1,0,0
1696,1,1,0,0,0,1,1,0,0,0
1700,1,2,1,0,1,0,2,1,0,1
1722,1,2,1,1,0,1,0,0,0,0
1741,1,1,0,1,0,0,0,0,1,0
1762,0,1,1,0,0,0,1,0,0,0
1766,1,1,0,1,0,0,1,0,1,0
1769,1,1,1,2,1,0,1,1,1,0
1773,1,0,1,2,0,1,0,0,1,0
1775,0,1,1,1,0,0,0,1,1,0
1776,1,1,1,1,1,0,1,0,0,1
1779,1,1,1,1,0,1,1,1,0,0
1780,1,1,1,0,0,1,1,1,0,0
1786,1,0,1,0,0,1,0,1,0,0
1791,0,1,0,1,0,0,0,0,0,0
1793,1,1,0,0,0,1,1,0,0,0
1805,1,1,0,0,0,1,0,0,0,0
1842,1,0,1,0,0,1,0,1,0,0
1848,1,1,0,0,0,1,0,0,0,0
1863,1,0,1,1,0,1,0,1,1,0
1867,1,0,1,1,0,1,0,1,0,0
1881,1,2,0,0,0,1,1,0,0,0
1887,2,2,1,1,0,0,0,1,0,0
1889,1,1,0,1,0,1,1,0,1,0
1893,2,2,1,1,1,0,1,1,1,0
1902,1,1,1,0,0,0,1,1,0,0
1909,1,1,1,0,0,1,1,1,0,0
1942,1,1,1,1,0,1,1,1,1,0
1970,1,2,0,1,0,0,2,0,1,0
1972,1,1,1,0,0,1,1,0,0,0
1973,1,2,0,1,0,1,1,0,0,0
1976,1,0,0,0,0,0,0,0,0,0
5025,1,1,1,0,0,1,0,0,0,0
5037,1,1,1,0,1,1,0,1,0,0
5085,1,1,1,1,0,1,0,0,1,0
5098,2,1,1,0,0,1,1,1,0,0
5125,1,1,1,1,0,1,1,0,0,0
5151,1,1,1,1,1,1,1,1,1,1
5154,1,1,0,0,1,1,0,0,0,1
5163,1,1,1,0,0,1,0,1,0,0
5174,1,4,2,1,0,0,2,0,1,0
5177,1,1,0,1,1,1,1,0,1,1
5203,1,1,0,1,0,1,0,0,1,0
5224,2,1,1,1,0,1,1,0,1,0
5233,1,1,0,0,0,1,1,0,0,0
5242,1,1,1,1,0,1,1,0,1,0
5246,0,2,0,0,0,0,0,0,0,0
5254,1,2,0,1,1,0,0,0,0,0
5277,2,1,1,1,0,0,1,1,0,0
5286,0,1,1,0,0,0,1,1,0,0
5311,1,1,1,1,0,1,1,1,1,0
5313,0,1,0,1,0,0,1,0,0,0
5345,1,0,1,0,0,0,0,1,0,0
5365,0,1,1,1,0,0,1,1,0,0
5374,1,1,1,0,0,0,1,0,0,0
5387,1,1,1,1,0,1,1,1,1,0
5391,2,1,1,0,1,1,1,1,0,1
5394,1,1,0,1,0,1,0,0,1,0
5397,1,2,0,0,0,1,1,0,0,0
5398,1,2,1,1,1,1,1,0,1,1
5415,1,2,1,0,1,1,2,1,0,1
5420,1,1,0,0,0,1,1,0,0,0
5427,1,1,0,1,0,0,1,0,1,0
5443,1,2,0,1,0,1,1,0,0,0
5448,1,1,1,1,0,1,1,1,1,0
5451,1,1,0,0,0,1,1,0,0,0
5475,1,1,1,0,1,1,1,1,0,0
5477,1,1,1,0,0,0,0,0,0,0
5485,1,2,1,0,0,0,1,0,0,0
5498,1,1,0,0,0,1,1,0,0,0
5499,2,1,0,0,0,1,1,0,0,0
5508,1,1,1,0,0,1,0,0,0,0
5535,1,1,1,0,0,1,1,1,0,0
5538,1,2,1,2,0,0,1,1,1,0
5558,1,1,1,0,0,1,1,1,0,0
5560,3,2,0,1,0,1,1,0,0,0
5563,1,1,1,1,0,1,0,1,1,0
5564,1,2,1,1,1,0,1,0,1,1
5576,1,1,0,1,0,1,1,0,0,0
5580,0,0,0,0,0,0,0,0,0,0
5602,1,1,0,1,0,1,1,0,1,0
5606,1,1,1,1,0,0,1,1,0,0
5613,1,1,0,1,0,0,1,0,0,0
5614,1,1,0,1,0,1,1,0,1,0
5616,1,1,1,1,0,1,1,1,1,0
5620,1,1,1,1,0,0,1,1,1,0
5623,2,1,1,1,0,1,1,0,0,0
5628,1,2,0,1,0,1,0,0,1,0
5632,1,1,0,0,0,1,1,0,0,0
5643,0,1,0,1,0,0,0,0,1,0
5648,1,3,0,1,1,1,1,0,1,1
5652,1,0,0,1,1,1,0,0,0,0
5661,1,0,1,1,0,1,0,0,1,0
5670,1,2,1,1,0,1,1,1,1,0
5696,1,2,1,1,0,0,0,0,1,0
5697,0,1,0,0,0,0,0,0,0,0
5698,0,1,0,0,0,0,1,0,0,0
5699,1,1,0,1,0,1,1,0,1,0
5701,1,2,0,0,1,1,0,0,0,1
5711,2,3,1,0,0,1,0,1,0,0
5723,1,1,1,1,0,1,1,1,1,0
5728,1,0,0,1,0,1,0,0,1,0
5732,1,1,0,0,0,1,1,0,0,0
5751,2,1,0,0,0,0,1,0,0,0
5757,1,1,0,0,0,1,0,0,0,0
5761,1,0,0,1,0,1,0,0,1,0
5768,1,1,1,0,0,1,0,0,0,0
5769,0,3,2,0,0,0,1,1,0,0
5772,1,1,0,0,0,0,0,0,0,0
5775,0,1,0,0,0,0,1,0,0,0
5796,1,1,0,0,0,1,1,0,0,0
5801,1,4,1,1,0,1,3,1,0,0
5808,1,1,1,1,0,1,1,0,1,0
5810,1,2,0,1,0,0,2,0,0,0
5819,1,2,1,1,0,1,0,1,1,0
5823,1,1,1,0,0,1,1,1,0,0
5827,1,2,1,1,0,1,1,1,1,0
5829,1,1,1,1,0,1,1,1,0,0
5843,0,1,0,1,1,0,1,0,1,1
5845,0,3,2,0,1,0,0,0,0,1
5854,0,4,0,0,0,0,1,0,0,0
5859,1,1,1,0,0,0,1,1,0,0
5881,1,1,1,0,0,1,1,0,0,0
5886,1,2,0,1,0,0,0,0,1,0
5904,1,2,1,1,1,1,0,0,0,1
5914,1,1,0,0,0,1,1,0,0,0
5926,1,1,1,0,0,0,1,1,0,0
5949,1,1,0,1,0,1,1,0,1,0
5952,1,1,1,1,1,1,1,1,1,1
5957,1,1,1,1,0,0,1,0,1,0
5971,1,1,0,0,0,1,0,0,0,0
5989,0,1,0,0,0,0,1,0,0,0
5991,1,2,1,0,1,0,2,1,0,1
5993,1,2,1,0,0,1,0,1,0,0
5999,2,1,1,1,0,1,0,1,1,0
6005,1,1,1,0,0,0,1,1,0,0
6012,1,1,2,1,0,1,0,0,1,0
6017,1,2,1,1,0,1,1,1,1,0
6022,1,1,1,1,0,0,0,1,1,0
6028,1,1,1,0,0,1,1,1,0,0
6030,1,1,1,1,0,0,0,1,1,0
6036,1,1,0,0,1,1,1,0,0,1
6041,0,2,0,0,0,0,0,0,0,0
6050,1,0,0,0,0,1,0,0,0,0
6051,1,1,0,1,0,1,1,0,1,0
6052,1,1,1,0,1,1,1,1,0,1
6059,1,2,1,1,1,1,1,1,1,0
6076,2,1,1,1,0,1,1,0,0,0
6092,0,2,0,0,0,0,0,0,0,0
6120,0,1,0,0,0,0,1,0,0,0
6131,1,1,0,1,0,1,1,0,0,0
6135,1,1,1,0,0,1,1,1,0,0
6148,0,0,0,1,0,0,0,0,1,0
6152,1,1,0,1,0,1,1,0,1,0
6156,1,1,0,0,0,1,0,0,0,0
6169,1,1,0,0,0,1,1,0,0,0
6174,1,1,0,0,0,1,1,0,0,0
6180,0,0,1,0,0,0,0,1,0,0
6181,1,1,1,0,0,1,1,1,0,0
6182,1,1,1,1,1,1,1,1,0,1
6194,1,0,1,1,1,1,0,1,1,0
6195,1,1,0,0,0,1,1,0,0,0
6206,1,2,1,0,0,1,1,1,0,0
6207,1,1,0,1,0,1,0,0,1,0
6211,0,1,0,0,0,0,1,0,0,0
6213,0,0,0,0,0,0,0,0,0,0
6215,1,1,1,0,0,1,1,1,0,0
6217,1,1,0,1,0,1,1,0,1,0
6218,0,0,0,0,0,0,0,0,0,0
6219,1,2,1,1,0,0,2,1,1,0
6221,1,1,1,0,0,1,1,1,0,0
6228,1,0,0,0,0,1,0,0,0,0
6251,0,0,0,0,0,0,0,0,0,0
6258,1,1,1,0,0,1,0,1,0,0
6261,1,1,0,1,0,1,1,0,1,0
6263,1,2,0,0,0,1,2,0,0,0
6276,1,0,1,1,0,1,0,1,1,0
6277,1,1,1,1,0,1,1,1,0,0
6286,1,2,1,1,0,1,1,0,0,0
6291,1,4,1,2,0,1,2,0,1,0
6296,1,1,0,1,0,1,1,0,0,0
6301,2,1,1,0,0,2,1,1,0,0
6311,1,0,0,1,0,1,0,0,1,0
6312,1,0,0,1,0,1,0,0,1,0
6328,1,1,1,1,0,1,1,1,1,0
6332,1,1,0,0,0,1,1,0,0,0
6336,2,3,1,1,0,1,1,0,0,0
6354,0,1,1,1,0,0,1,1,1,0
6356,1,3,1,0,0,0,1,1,0,0
6358,0,1,0,1,0,0,0,0,1,0
6377,1,1,0,1,0,1,1,0,1,0
6381,0,1,1,0,0,0,1,0,0,0
6391,1,2,1,1,0,1,2,1,0,0
6393,1,1,1,1,1,1,1,1,1,1
6397,1,1,1,1,0,1,1,1,0,0
6402,2,2,1,0,0,1,0,1,0,0
6413,1,1,0,0,0,1,1,0,0,0
6414,2,1,1,1,0,2,1,1,1,0
6422,0,1,0,1,0,0,1,0,1,0
6423,1,1,0,0,0,1,1,0,0,0
6424,0,0,0,0,0,0,0,0,0,0
6429,0,1,0,0,0,0,0,0,0,0
6430,1,2,1,1,0,0,1,1,1,0
6444,0,1,0,0,0,0,1,0,0,0
6448,1,1,1,1,0,1,0,1,1,0
6450,1,1,1,0,0,1,1,1,0,0
6478,1,0,1,0,0,1,0,0,0,0
6483,1,1,1,1,0,0,1,0,1,0
6488,1,2,0,1,0,1,2,0,1,0
6489,1,1,1,1,0,1,1,1,1,0
6490,1,1,1,0,0,1,1,1,0,0
6510,0,1,0,0,0,0,1,0,0,0
6511,1,1,0,1,0,0,1,0,1,0
6519,2,2,0,1,0,1,0,0,0,0
6523,1,1,0,0,0,0,1,0,0,0
6534,0,1,0,1,0,0,1,0,1,0
6536,1,2,0,0,1,1,2,0,0,1
6558,2,1,1,1,0,2,1,1,1,0
6559,1,1,1,1,0,0,0,1,0,0
6560,2,1,1,0,0,2,1,1,0,0
6562,2,1,1,1,0,1,0,1,1,0
6568,0,2,0,1,0,0,1,0,1,0
6573,1,0,0,1,0,0,0,0,1,0
6574,1,0,0,1,0,1,0,0,0,0
6576,1,2,1,1,0,1,2,1,1,0
6578,1,1,0,1,1,1,1,0,1,1
6579,1,1,0,0,0,0,1,0,0,0
6588,1,5,1,0,0,1,1,0,0,0
6590,1,2,0,1,0,1,1,0,0,0
6596,0,1,0,1,0,0,1,0,1,0
6600,1,2,1,0,0,1,1,1,0,0
6606,0,1,0,1,1,0,1,0,0,0
6617,1,0,0,1,1,1,0,0,0,0
6648,1,1,0,0,0,1,0,0,0,0
6666,1,1,0,0,0,1,0,0,0,0
6670,0,1,1,1,1,0,1,0,1,1
6675,1,1,1,1,0,0,1,1,1,0
6676,1,1,0,1,0,0,1,0,1,0
6682,0,0,0,0,0,0,0,0,0,0
6721,0,0,0,0,0,0,0,0,0,0
6722,1,3,0,0,0,0,1,0,0,0
6723,2,3,1,1,0,1,3,0,1,0
6728,0,1,1,1,0,0,1,0,1,0
6738,0,0,0,0,0,0,0,0,0,0
6743,1,1,0,1,0,1,0,0,1,0
6748,1,2,0,1,0,0,1,0,1,0
6751,1,1,0,1,0,1,1,0,0,0
6761,1,2,1,0,0,1,2,0,0,0
6762,1,1,0,0,0,1,1,0,0,0
6764,1,2,1,1,1,1,1,1,0,1
6765,1,1,1,1,0,1,1,1,1,0
6766,1,1,0,0,0,1,1,0,0,0
6767,1,1,1,1,1,1,0,1,1,1
6769,1,1,1,0,0,1,0,1,0,0
6770,1,1,1,1,1,0,1,0,1,1
6776,0,1,0,1,1,0,0,0,1,1
6784,1,1,0,1,0,1,0,0,1,0
6785,1,2,0,1,0,1,2,0,1,0
6786,1,1,1,0,0,0,0,0,0,0
6804,1,1,0,0,0,1,1,0,0,0
6805,0,1,0,0,0,0,0,0,0,0
6821,1,1,1,0,0,1,0,0,0,0
6829,1,3,0,1,0,1,1,0,0,0
6831,1,1,0,0,0,1,1,0,0,0
6834,1,1,0,1,0,1,1,0,1,0
6837,2,1,1,0,0,2,1,1,0,0
6840,1,1,1,0,0,1,1,1,0,0
6841,1,2,0,1,0,0,0,0,0,0
6842,1,2,1,0,0,1,2,1,0,0
6844,1,2,1,1,0,1,2,0,0,0
6860,1,1,1,1,0,1,1,0,1,0
6862,1,2,1,1,0,0,1,1,1,0
6867,0,0,0,0,0,0,0,0,0,0
6872,0,1,0,0,0,0,1,0,0,0
6878,1,1,0,0,0,1,1,0,0,0
6879,0,1,0,0,0,0,1,0,0,0
6880,1,4,1,1,0,1,3,1,0,0
6881,1,2,1,0,0,1,1,1,0,0
6887,1,2,0,0,0,0,0,0,0,0
6889,1,1,0,1,0,0,1,0,1,0
6900,1,2,0,0,0,1,2,0,0,0
6903,1,1,1,0,0,0,1,1,0,0
6907,1,1,0,0,0,1,1,0,0,0
6908,0,1,0,0,0,0,0,0,0,0
6920,0,1,0,0,0,0,1,0,0,0
6921,0,1,0,0,0,0,1,0,0,0
6951,1,1,1,0,0,1,1,1,0,0
6956,1,0,0,1,0,1,0,0,1,0
6957,1,1,0,0,0,1,1,0,0,0
6962,2,2,0,1,0,0,0,0,0,0
6970,1,1,0,0,0,1,1,0,0,0
6972,3,3,1,1,0,1,1,0,1,0
6976,1,2,0,0,1,1,1,0,0,0
6980,0,0,0,0,0,0,0,0,0,0
6999,0,1,2,0,0,0,0,1,0,0
7003,1,1,0,1,0,1,1,0,1,0
7004,1,1,0,1,0,0,1,0,1,0
7008,1,1,1,0,0,1,1,1,0,0
7017,0,2,1,1,0,0,1,1,1,0
7024,1,2,0,1,0,1,1,0,1,0
7038,1,2,1,1,1,1,2,1,0,1
7046,0,0,0,0,0,0,0,0,0,0
7047,1,2,1,1,0,1,2,1,1,0
7058,0,2,1,0,0,0,1,0,0,0
7064,1,1,0,0,0,1,1,0,0,0
7076,1,1,1,0,1,0,0,1,0,0
7097,1,2,1,1,0,0,2,1,1,0
7103,1,2,1,0,0,1,2,1,0,0
7104,1,2,1,1,0,0,1,1,1,0
7105,0,1,0,0,0,0,1,0,0,0
7119,1,1,1,0,0,1,1,0,0,0
7120,0,0,1,0,0,0,0,1,0,0
7124,3,3,1,0,0,2,0,1,0,0
7166,1,0,0,0,0,1,0,0,0,0
7168,2,1,1,1,0,2,1,1,1,0
7182,1,8,0,0,0,0,6,0,0,0
7187,1,1,1,0,1,1,0,0,0,1
7190,1,1,1,1,0,0,0,1,1,0
7194,1,1,0,1,0,1,1,0,1,0
7199,1,1,0,1,0,0,1,0,0,0
7201,0,1,0,1,0,0,1,0,1,0
7213,0,2,1,1,0,0,1,0,1,0
7222,1,2,1,1,0,1,1,0,0,0
7223,1,2,1,1,0,1,1,0,1,0
7238,0,2,0,0,0,0,2,0,0,0
7242,1,1,0,0,0,0,1,0,0,0
7243,1,0,0,1,0,1,0,0,1,0
7261,1,1,0,1,0,1,0,0,1,0
7262,1,1,0,0,0,1,1,0,0,0
7263,1,0,0,0,0,1,0,0,0,0
7264,1,1,1,0,0,1,1,1,0,0
7265,1,3,1,1,0,1,2,1,1,0
7267,1,1,1,1,0,0,0,1,1,0
7268,1,3,1,1,0,0,1,0,1,0
7273,1,1,0,0,1,1,1,0,0,1
7280,0,1,0,1,0,0,1,0,1,0
7282,2,1,1,1,1,2,1,1,1,1
7285,1,1,0,0,0,1,1,0,0,0
7287,1,1,0,0,0,1,1,0,0,0
7297,1,1,0,0,0,1,1,0,0,0
7299,1,1,0,1,0,1,1,0,1,0
7305,0,1,0,0,0,0,1,0,0,0
7311,0,1,0,0,0,0,0,0,0,0
7313,1,2,0,1,1,1,2,0,0,0
7322,1,0,0,0,0,1,0,0,0,0
7327,2,1,1,1,0,1,1,0,0,0
7328,0,1,0,0,0,0,1,0,0,0
7331,0,1,0,0,0,0,1,0,0,0
7341,0,1,1,1,0,0,0,1,0,0
7350,2,2,0,0,0,1,2,0,0,0
7351,1,1,1,0,0,0,0,0,0,0
7352,1,1,1,0,0,1,1,1,0,0
7363,1,2,1,0,0,1,1,0,0,0
7366,1,0,1,1,0,1,0,1,1,0
7375,0,1,0,1,0,0,1,0,1,0
7377,2,1,0,1,1,1,1,0,0,0
7380,0,3,1,2,0,0,2,1,1,0
7381,1,1,0,1,1,1,1,0,1,1
7393,1,0,0,0,0,1,0,0,0,0
7395,0,2,0,1,1,0,1,0,1,0
7399,1,2,0,0,0,1,2,0,0,0
7402,1,0,1,1,0,0,0,1,0,0
7408,0,2,0,0,0,0,0,0,0,0
7409,1,1,1,1,0,1,1,1,1,0
7412,1,1,0,0,0,1,1,0,0,0
7416,1,1,1,0,0,1,0,1,0,0
7417,1,1,1,0,0,0,0,0,0,0
7418,0,1,0,0,0,0,1,0,0,0
7419,0,1,0,1,0,0,1,0,0,0
7420,1,1,1,0,0,0,0,0,0,0
7421,1,0,0,0,0,1,0,0,0,0
7422,1,1,1,0,0,1,1,1,0,0
7424,3,2,1,1,0,1,1,1,0,0
7428,1,1,0,1,1,0,0,0,0,0
7437,1,2,1,1,0,1,2,1,0,0
7438,1,2,0,0,0,1,2,0,0,0
7440,1,1,0,0,0,1,1,0,0,0
7457,1,1,0,0,0,1,0,0,0,0
7458,1,0,0,0,0,1,0,0,0,0
7471,1,1,0,0,0,1,1,0,0,0
7476,0,1,0,1,0,0,1,0,1,0
7481,1,2,1,0,0,1,1,1,0,0
7482,1,1,0,0,0,1,1,0,0,0
7483,0,1,0,1,0,0,1,0,1,0
7484,1,2,1,1,0,1,0,1,1,0
7493,1,1,1,1,1,1,1,0,0,1
7498,2,1,1,1,0,2,1,1,1,0
7507,0,1,0,0,0,0,0,0,0,0
7520,0,1,1,0,0,0,1,1,0,0
7521,1,1,1,0,0,1,1,1,0,0
7522,1,1,0,0,0,1,1,0,0,0
7524,1,1,1,0,0,1,1,1,0,0
7536,1,2,1,0,0,1,1,1,0,0
7552,1,1,0,0,0,1,1,0,0,0
7553,1,1,0,1,1,0,0,0,0,1
7556,1,2,1,1,0,1,0,1,1,0
7557,1,1,1,1,0,0,0,0,0,0
7564,1,3,1,0,0,1,2,0,0,0
7569,1,2,1,0,0,0,1,1,0,0
7570,1,1,0,1,0,1,1,0,1,0
7575,1,1,1,0,0,1,1,1,0,0
7582,1,1,0,1,0,1,1,0,1,0
7583,0,1,0,0,0,0,1,0,0,0
7584,1,5,0,0,0,1,2,0,0,0
7600,1,2,0,0,1,1,2,0,0,1
7601,0,1,0,0,0,0,1,0,0,0
7605,3,2,0,2,1,3,1,0,1,0
7606,1,1,1,0,1,0,1,0,0,0
7608,2,1,0,1,0,0,0,0,0,0
7609,1,1,1,0,0,0,1,1,0,0
7611,0,1,1,1,0,0,1,0,1,0
7612,0,0,1,1,0,0,0,1,0,0
7616,0,1,0,0,0,0,1,0,0,0
7617,1,1,1,1,0,1,1,1,0,0
7618,1,2,0,0,0,1,2,0,0,0
7619,1,2,1,1,1,1,1,1,1,1
7620,0,0,0,0,0,0,0,0,0,0
7621,1,1,0,1,0,1,1,0,1,0
7622,1,1,0,1,0,1,1,0,1,0
7623,1,2,1,0,0,1,2,1,0,0
7624,0,1,1,0,0,0,1,1,0,0
7625,1,1,0,1,0,1,1,0,1,0
7626,0,1,1,0,0,0,1,1,0,0
7627,1,2,1,1,0,1,1,1,1,0
7628,1,1,1,1,1,1,0,0,0,1
7633,1,2,1,1,0,1,1,1,1,0
7634,2,1,1,0,1,1,1,0,0,0
7635,1,2,0,0,0,1,1,0,0,0
7636,0,2,1,0,0,0,2,1,0,0
7637,1,1,0,1,0,1,1,0,1,0
7638,1,2,0,1,0,1,2,0,1,0
7641,1,2,1,0,0,0,0,1,0,0
7643,0,1,0,0,0,0,1,0,0,0
7647,1,0,1,0,0,0,0,1,0,0
7650,1,0,0,1,1,1,0,0,1,1
7653,1,1,0,0,0,1,1,0,0,0
7654,1,1,0,0,0,1,0,0,0,0
7655,0,1,0,0,0,0,1,0,0,0
7656,1,2,1,1,1,1,0,1,1,1
7657,1,1,1,0,0,1,1,1,0,0
7663,2,4,0,1,0,2,1,0,0,0
7665,1,2,0,1,0,1,2,0,1,0
7666,0,1,0,0,0,0,1,0,0,0
7667,0,1,0,0,0,0,1,0,0,0
7670,0,2,0,0,0,0,2,0,0,0
7671,1,2,0,1,1,0,1,0,0,0
7676,1,1,0,0,0,1,1,0,0,0
7677,1,1,1,0,0,1,0,1,0,0
7678,0,1,1,0,1,0,1,1,0,1
7679,0,1,0,0,0,0,1,0,0,0
7680,1,2,0,1,1,1,2,0,1,1
7681,1,2,0,1,1,1,1,0,0,0
7682,1,1,0,0,0,1,1,0,0,0
7683,1,1,1,1,1,0,0,1,0,1
7686,0,1,0,0,0,0,1,0,0,0
7687,0,1,0,0,0,0,1,0,0,0
7689,0,0,1,0,0,0,0,1,0,0
7690,1,2,0,0,0,1,2,0,0,0
7691,1,1,1,1,1,1,1,1,1,1
7692,0,0,0,1,1,0,0,0,1,1
7693,1,2,1,0,1,1,1,1,0,1
7694,1,1,1,1,1,0,0,1,1,1
7695,1,1,0,0,1,1,1,0,0,0
7696,1,1,1,1,0,1,0,0,0,0
7697,1,1,1,0,0,1,1,1,0,0
7698,1,1,1,0,0,1,0,0,0,0
7699,0,1,1,1,1,0,1,1,0,1
7706,1,1,1,0,0,1,0,1,0,0
7709,1,2,0,0,1,1,2,0,0,1
7710,1,1,1,0,1,1,0,1,0,1
7712,0,2,0,0,0,0,1,0,0,0
7719,1,1,0,0,0,1,1,0,0,0
7723,1,1,0,0,0,1,1,0,0,0
7733,1,2,0,0,0,1,1,0,0,0
7743,1,1,0,1,0,1,1,0,1,0
7744,1,2,1,1,0,0,1,0,0,0
7745,1,4,0,0,0,1,2,0,0,0
7746,1,2,1,1,0,0,2,0,1,0
7747,1,1,0,0,0,1,1,0,0,0
7748,1,1,0,1,0,0,1,0,0,0
7757,1,1,0,0,0,1,1,0,0,0
7760,1,1,0,0,0,0,1,0,0,0
7761,0,1,0,0,0,0,1,0,0,0
7764,1,1,0,0,0,1,1,0,0,0
7765,0,1,0,0,0,0,1,0,0,0
7767,1,1,1,1,0,0,0,1,1,0
7780,0,1,0,0,0,0,1,0,0,0
7781,2,2,0,1,0,0,1,0,1,0
7795,3,2,2,0,0,1,1,0,0,0
7797,1,0,1,0,0,1,0,1,0,0
7799,2,2,1,0,0,1,1,0,0,0
7845,0,1,0,0,0,0,1,0,0,0
7858,0,1,0,0,0,0,1,0,0,0
7866,2,1,1,1,0,2,1,1,0,0
7867,1,2,1,0,0,1,2,1,0,0
7868,1,2,0,0,0,1,2,0,0,0
7869,1,2,1,1,0,1,0,1,1,0
7876,0,1,0,0,0,0,1,0,0,0
7884,2,2,1,1,0,2,1,1,1,0
7885,0,1,0,0,0,0,1,0,0,0
7887,1,2,1,1,0,1,0,1,1,0
7888,1,0,1,0,0,1,0,0,0,0
7897,1,1,0,1,0,1,1,0,1,0
7898,0,1,0,1,0,0,1,0,1,0
7907,1,2,0,1,0,1,1,0,1,0
7913,0,2,1,0,0,0,2,1,0,0
7917,0,1,0,0,0,0,1,0,0,0
7918,1,0,0,0,0,1,0,0,0,0
7927,1,0,0,0,0,0,0,0,0,0
7935,1,3,0,0,0,0,1,0,0,0
7937,1,1,1,1,0,0,0,1,1,0
7944,1,1,0,0,0,1,1,0,0,0
7949,1,1,1,1,0,0,1,0,0,0
7951,1,1,1,1,0,1,1,1,1,0
7953,0,2,1,1,0,0,2,0,1,0
7957,0,1,1,0,0,0,1,1,0,0
7964,1,2,1,1,0,1,2,1,0,0
7967,0,1,0,1,0,0,1,0,1,0
7979,1,1,1,1,0,1,1,0,1,0
7981,0,0,1,1,0,0,0,1,0,0
7984,1,1,0,0,0,1,1,0,0,0
7985,1,0,0,0,0,1,0,0,0,0
7990,2,5,2,0,0,0,3,2,0,0
7992,0,1,0,1,0,0,1,0,1,0
7994,0,0,0,0,0,0,0,0,0,0
7997,1,1,1,1,0,1,1,1,1,0
7998,1,1,0,0,0,1,1,0,0,0
7999,1,1,1,0,0,1,0,1,0,0
8033,1,1,0,1,0,0,1,0,0,0
8038,1,3,0,0,0,1,2,0,0,0
8039,1,1,1,1,0,0,0,1,1,0
8049,2,1,1,0,0,2,1,1,0,0
8058,1,2,1,0,0,1,0,1,0,0
8082,1,1,1,0,0,1,1,1,0,0
8200,0,0,0,1,0,0,0,0,0,0
8201,1,1,0,0,1,0,1,0,0,1
8207,1,1,0,0,0,1,1,0,0,0
8213,1,1,0,0,0,1,1,0,0,0
8219,1,2,1,1,0,1,2,0,1,0
8227,1,1,0,1,0,1,1,0,0,0
8235,1,1,0,0,0,1,1,0,0,0
8236,1,1,0,0,0,0,1,0,0,0
8240,0,0,0,0,0,0,0,0,0,0
8253,1,1,0,0,0,1,1,0,0,0
8254,1,2,1,0,0,1,2,1,0,0
8255,1,4,1,1,0,1,1,1,0,0
8265,1,1,1,0,0,0,1,0,0,0
8269,1,0,0,1,0,1,0,0,1,0
8276,1,2,0,0,0,1,2,0,0,0
8286,1,2,1,1,0,0,0,1,0,0
8287,1,2,1,1,0,1,1,1,1,0
8288,1,0,1,0,1,1,0,1,0,1
8291,2,1,1,1,0,1,1,1,0,0
8294,1,2,1,0,1,1,0,1,0,1
8295,1,2,1,0,0,1,2,1,0,0
8304,1,1,1,0,1,1,1,1,0,1
8309,0,0,1,0,0,0,0,1,0,0
8310,2,1,0,0,0,2,1,0,0,0
8323,1,2,1,0,0,1,2,1,0,0
8326,1,1,1,1,1,1,0,0,0,0
8331,1,1,0,0,0,1,1,0,0,0
8333,1,2,1,1,0,0,1,1,1,0
8335,1,1,1,0,1,0,0,1,0,1
8337,2,2,1,0,0,1,1,1,0,0
8338,0,3,1,0,0,0,2,1,0,0
8344,2,1,1,1,0,1,1,0,0,0
8346,1,2,1,0,0,1,1,1,0,0
8354,0,1,0,0,0,0,0,0,0,0
8361,1,2,1,1,0,1,1,1,1,0
8363,1,1,0,0,0,0,1,0,0,0
8368,0,1,0,0,0,0,0,0,0,0
8372,0,1,0,0,0,0,1,0,0,0
8379,1,2,0,0,0,1,1,0,0,0
8380,0,0,0,0,0,0,0,0,0,0
8381,1,2,0,0,0,0,0,0,0,0
8414,1,2,1,0,0,0,1,1,0,0
8415,1,1,0,0,0,0,0,0,0,0
8422,1,1,0,0,0,1,1,0,0,0
8423,0,1,0,0,0,0,1,0,0,0
8424,1,2,1,0,0,0,2,1,0,0
8426,1,1,0,1,0,1,1,0,0,0
8429,1,1,0,1,0,1,1,0,1,0
8434,0,4,0,0,0,0,2,0,0,0
8435,1,2,1,0,1,1,1,1,0,1
8436,4,14,0,0,0,3,9,0,0,0
8438,1,2,1,1,1,1,0,0,1,1
8441,2,0,1,1,0,2,0,1,1,0
8442,1,2,1,0,0,0,0,0,0,0
8443,2,2,1,1,0,1,1,0,0,0
8445,0,1,0,0,0,0,1,0,0,0
8446,0,1,0,0,0,0,0,0,0,0
8448,1,1,0,0,0,1,1,0,0,0
8452,1,1,0,0,0,0,0,0,0,0
8454,0,1,1,0,0,0,0,1,0,0
8455,0,1,0,0,0,0,1,0,0,0
8456,1,0,0,0,0,1,0,0,0,0
8460,1,1,0,1,0,0,1,0,0,0
8461,1,1,1,1,0,1,0,0,0,0
8464,0,2,1,0,0,0,0,0,0,0
8469,1,1,1,1,0,1,0,1,0,0
8471,0,0,0,0,0,0,0,0,0,0
8474,1,2,0,1,0,1,1,0,1,0
8475,1,2,1,1,0,0,2,1,1,0
8484,0,0,0,0,0,0,0,0,0,0
8485,0,2,1,1,0,0,1,1,0,0
8486,1,1,1,1,0,1,1,1,1,0
8487,1,0,0,0,0,1,0,0,0,0
8488,1,1,0,0,0,1,1,0,0,0
8491,1,1,1,1,0,1,1,1,0,0
8494,1,1,0,0,0,1,1,0,0,0
8499,0,0,0,0,0,0,0,0,0,0
8500,2,2,1,1,0,1,0,0,1,0
8501,0,0,0,1,0,0,0,0,1,0
8503,1,1,0,0,0,0,1,0,0,0
8506,1,1,0,0,0,1,0,0,0,0
8507,1,1,1,1,0,1,1,1,1,0
8509,1,1,0,0,0,0,1,0,0,0
